en	translation	gender	meaning_translation
abbey	abadía	f	
abbreviation	abreviatura	f	
ability	habilidad	f	
abnormality	anormalidad	f	
abortion	aborto	m	
absence	ausencia	f	
absolute	absoluto	m	
abstract	resumen	m	
abstraction	abstracción	f	
absurd	absurdo	m	
absurdity	absurdidad	f	
abundance	abundancia	f	
abuse	abuso	m	
academy	academia	f	
accent	acento	m	
access	acceso	m	
accessory	accesorio	m	
accident	accidente	m	
accommodation	alojamiento	m	
accomplishment	logro	m	
accord	acuerdo	m	
account	relato	m	
accounting	contabilidad	f	
accumulation	acumulación	f	
achievement	logro	m	
acid	ácido	m	
acquaintance	conocido	m	
acquisition	adquisición	f	
acquittal	absolución	f	
acre	acre	m	
act	acto	m	
acting	actuación	f	
action	acción	f	
activity	actividad	f	
actor	actor	m	
actress	actriz	f	
actuality	realidad	f	
adaptation	adaptación	f	
addiction	adicción	f	
addition	adición	f	
additive	aditivo	m	
address	dirección	f	
adherence	adhesión	f	
administration	administración	f	
admiral	almirante	m	
admiration	admiración	f	
admission	admisión	f	
adornment	adorno	m	
adult	adulto	m	
advance	avance	m	
advantage	ventaja	f	
adventure	aventura	f	
adversary	adversario	m	
adversity	adversidad	f	
advertisement	anuncio	m	
advertiser	anunciante	m	
advice	consejo	m	
adviser	asesor	m	
advocacy	defensa	f	
affair	asunto	m	
affection	afecto	m	
affidavit	declaración jurada	f	
affinity	afinidad	f	
aftercare	cuidado posterior	m	
afternoon	tarde	f	
age	edad	f	
agency	agencia	f	
agenda	agenda	f	
agent	agente	m	
aggregate	agregado	m	
agitation	agitación	f	
agony	agonía	f	
agreement	acuerdo	m	
agriculture	agricultura	f	
aid	ayuda	f	
aide	asistente	m	
aim	objetivo	m	
air	aire	m	
airhead	cabeza hueca	f	
airport	aeropuerto	m	
airway	vía aérea	f	
alarm	alarma	f	
alaska	Alaska	f	
album	álbum	m	
alcohol	alcohol	m	
alcoholism	alcoholismo	m	
alibi	coartada	f	
alien	alienígena	m	
alignment	alineación	f	
all	todo	m	
allegiance	lealtad	f	
allergy	alergia	f	
alliance	alianza	f	
alligator	caimán	m	
all-nighter	desvelada	f	
allocation	asignación	f	
allotment	parcela	f	
allowance	asignación	f	
alloy	aleación	f	
ally	aliado	m	
almond	almendra	f	
alpaca	alpaca	f	
alpha	alfa	f	
alphabet	alfabeto	m	
alternative	alternativa	f	
altitude	altitud	f	
alto	contralto	m	
aluminium	aluminio	m	
amateur	aficionado	m	
amazement	asombro	m	
ambassador	embajador	m	
amber	ámbar	m	
ambiguity	ambigüedad	f	
ambition	ambición	f	
ambulance	ambulancia	f	
amendment	enmienda	f	
America	América	f	
American	americano	m	
amethyst	amatista	f	
ammunition	munición	f	
amnesty	amnistía	f	
amount	cantidad	f	
ampere	amperio	m	
amphibian	anfibio	m	
amplifier	amplificador	m	
amplitude	amplitud	f	
amusement	diversión	f	
anagram	anagrama	m	
analogy	analogía	f	
analysis	análisis	m	
analyst	analista	m	
anarchy	anarquía	f	
anatomy	anatomía	f	
ancestor	antepasado	m	
anchor	ancla	f	
anesthesia	anestesia	f	
angel	ángel	m	
anger	ira	f	
angle	ángulo	m	
animal	animal	m	
animation	animación	f	
ankle	tobillo	m	
anniversary	aniversario	m	
announcement	anuncio	m	
announcer	locutor	m	
annoyance	molestia	f	
answer	respuesta	f	
ant	hormiga	f	
antarctic	Antártida	f	
antelope	antílope	m	
antenna	antena	f	
anthem	himno	m	
anthology	antología	f	
anthropology	antropología	f	
antibiotic	antibiótico	m	
antibody	anticuerpo	m	
anticipation	anticipación	f	
antidote	antídoto	m	
antique	antigüedad	f	
antiquity	antigüedad	f	
antiseptic	antiséptico	m	
anxiety	ansiedad	f	
anybody	alguien	m	
anyone	cualquiera	m	
anything	cualquier cosa	f	
anywhere	cualquier lugar	m	
apartment	apartamento	m	
apathy	apatía	f	
ape	simio	m	
aperture	apertura	f	
apex	ápice	m	
apocalypse	apocalipsis	m	
apology	disculpa	f	
apostrophe	apóstrofo	m	
apparatus	aparato	m	
apparel	vestimenta	f	
appeal	apelación	f	
appearance	apariencia	f	
appetite	apetito	m	
appetizer	aperitivo	m	
applause	aplauso	m	
apple	manzana	f	
appliance	electrodoméstico	m	
applicant	solicitante	m	
application	solicitud	f	
appointment	cita	f	
appraisal	tasación	f	
appreciation	apreciación	f	
apprehension	aprensión	f	
apprentice	aprendiz	m	
apprenticeship	aprendizaje	m	
approach	enfoque	m	
appropriation	apropiación	f	
approval	aprobación	f	
apricot	albaricoque	m	
April	abril	m	
apron	delantal	m	
aquatic	acuático	m	
arab	árabe	m	
arbitration	arbitraje	m	
arc	arco	m	
arch	arco	m	
archaeologist	arqueólogo	m	
archaeology	arqueología	f	
archer	arquero	m	
archipelago	archipiélago	m	
architect	arquitecto	m	
architecture	arquitectura	f	
archive	archivo	m	
arctic	Ártico	m	
area	área	f	
arena	arena	f	
argument	argumento	m	
aristocracy	aristocracia	f	
arithmetic	aritmética	f	
arizona	Arizona	f	
arm	brazo	m	
armament	armamento	m	
armor	armadura	f	
army	ejército	m	
aroma	aroma	m	
arrangement	arreglo	m	
array	matriz	f	
arrest	arresto	m	
arrival	llegada	f	
arrow	flecha	f	
arsenal	arsenal	m	
art	arte	m	
artery	arteria	f	
artichoke	alcachofa	f	
article	artículo	m	
artillery	artillería	f	
artist	artista	m	
ascent	ascenso	m	
ash	ceniza	f	
Asia	Asia	f	
aspect	aspecto	m	
aspiration	aspiración	f	
aspirin	aspirina	f	
assault	asalto	m	
assembly	asamblea	f	
assertion	afirmación	f	
assessment	evaluación	f	
asset	activo	m	
assignment	tarea	f	
assistance	asistencia	f	
assistant	asistente	m	
associate	asociado	m	
association	asociación	f	
assortment	surtido	m	
assumption	suposición	f	
assurance	seguridad	f	
asteroid	asteroide	m	
asthma	asma	f	
astonishment	asombro	m	
astrology	astrología	f	
astronaut	astronauta	m	
astronomy	astronomía	f	
astrophysics	astrofísica	f	
asylum	asilo	m	
athlete	atleta	m	
athletics	atletismo	m	
atlas	atlas	m	
atmosphere	atmósfera	f	
atom	átomo	m	
atrocity	atrocidad	f	
attachment	adjunto	m	
attack	ataque	m	
attainment	logro	m	
attempt	intento	m	
attendance	asistencia	f	
attendant	asistente	m	
attention	atención	f	
attitude	actitud	f	
attorney	abogado	m	
attraction	atracción	f	
attribute	atributo	m	
auction	subasta	f	
audience	audiencia	f	
audit	auditoría	f	
audition	audición	f	
auditor	auditor	m	
auditorium	auditorio	m	
August	agosto	m	
aunt	tía	f	
austerity	austeridad	f	
Australia	Australia	f	
Australian	australiano	m	
author	autor	m	
authority	autoridad	f	
auto	auto	m	
autobiography	autobiografía	f	
automation	automatización	f	
automobile	automóvil	m	
autonomy	autonomía	f	
autumn	otoño	m	
availability	disponibilidad	f	
avalanche	avalancha	f	
avenue	avenida	f	
average	promedio	m	
aversion	aversión	f	
aviation	aviación	f	
avocado	aguacate	m	
award	premio	m	
awareness	conciencia	f	
ax	hacha	f	
axis	eje	m	
baby	bebé	m	
bachelor	soltero	m	
back	espalda	f	
backache	dolor de espalda	m	
backbone	columna vertebral	f	
background	antecedentes	m	
backing	respaldo	m	
backlog	atraso	m	
backup	respaldo	m	
bacon	tocino	m	
bacteria	bacteria	f	
badge	insignia	f	
badger	tejón	m	
badminton	bádminton	m	
bae	amor	m	
bag	bolsa	f	
baggage	equipaje	m	
bail	fianza	f	
bailout	rescate	m	
baker	panadero	m	
balance	equilibrio	m	
ball	pelota	f	
ballad	balada	f	
ballet	ballet	m	
balloon	globo	m	
ballot	papeleta	f	
bamboo	bambú	m	
ban	prohibición	f	
banana	plátano	m	
band	banda	f	
bandage	vendaje	m	
bang	estruendo	m	
bank	banco	m	
banker	banquero	m	
banking	banca	f	
bankruptcy	bancarrota	f	
banner	pancarta	f	
baptism	bautismo	m	
bar	barra	f	
barbarism	barbarismo	m	
barbecue	barbacoa	f	
barber	barbero	m	
bargain	ganga	f	
bark	ladrido	m	
barley	cebada	f	
barn	granero	m	
baroque	barroco	m	
barracks	cuartel	m	
barrel	barril	m	
barrier	barrera	f	
base	base	f	
baseball	béisbol	m	
basement	sótano	m	
basin	cuenca	f	
basis	base	f	
basket	cesta	f	
basketball	baloncesto	m	
bass	bajo	m	
bat	murciélago	m	
bath	baño	m	
bathe	baño	m	
bathroom	baño	m	
battalion	batallón	m	
battery	batería	f	
battle	batalla	f	
battlefield	campo de batalla	m	
battleship	acorazado	m	
bay	bahía	f	
beach	playa	f	
beam	viga	f	
bean	frijol	m	
bear	oso	m	
beard	barba	f	
bearing	porte	m	
beast	bestia	f	
beat	ritmo	m	
beauty	belleza	f	
beaver	castor	m	
bed	cama	f	
bedroom	dormitorio	m	
bedtime	hora de dormir	f	
bee	abeja	f	
beef	carne de res	f	
beefsteak	bistec	m	
beer	cerveza	f	
beetle	escarabajo	m	
beginning	comienzo	m	
behavior	comportamiento	m	
belief	creencia	f	
bell	campana	f	
bellow	bramido	m	
belly	barriga	f	
beloved	amado	m	
belt	cinturón	m	
bench	banco	m	
bend	curva	f	
benefit	beneficio	m	
benjamin	billete de cien	m	
berry	baya	f	
bestie	mejor amigo	m	
bestseller	superventas	m	
beta	beta	f	
betrayal	traición	f	
beverage	bebida	f	
beyond	más allá	m	
bibimbap	bibimbap	m	
bible	biblia	f	
bibliography	bibliografía	f	
bicycle	bicicleta	f	
bid	oferta	f	
biggie	pez gordo	m	
bill	cuenta	f	
billboard	valla publicitaria	f	
billiards	billar	m	
billion	mil millones	m	
bin	contenedor	m	
bind	aprieto	m	
binder	carpeta	f	
biochemistry	bioquímica	f	
biodiversity	biodiversidad	f	
biography	biografía	f	
biologist	biólogo	m	
biology	biología	f	
biophysics	biofísica	f	
birch	abedul	m	
bird	pájaro	m	
birth	nacimiento	m	
birthday	cumpleaños	m	
birthrate	tasa de natalidad	f	
biryani	biryani	m	
biscuit	galleta	f	
bishop	obispo	m	
bit	pedazo	m	
bite	mordida	f	
bitter	cerveza amarga	f	
black	negro	m	
blackboard	pizarrón	m	
blade	hoja	f	
blame	culpa	f	
blanket	manta	f	
blast	explosión	f	
blaze	incendio	m	
blessing	bendición	f	
blimp	dirigible	m	
blind	persiana	f	
blister	ampolla	f	
blizzard	ventisca	f	
block	bloque	m	
blood	sangre	f	
bloom	flor	f	
blossom	floración	f	
blouse	blusa	f	
blow	golpe	m	
blue	azul	m	
blueberry	arándano	m	
blur	desenfoque	m	
blush	rubor	m	
board	junta	f	
boardroom	sala de juntas	f	
boat	bote	m	
body	cuerpo	m	
bog	pantano	m	
boil	ebullición	f	
bolt	cerrojo	m	
bomb	bomba	f	
bombardment	bombardeo	m	
bomber	bombardero	m	
bond	vínculo	m	
bone	hueso	m	
bonus	bono	m	
boo	abucheo	m	
book	libro	m	
bookkeeping	contabilidad	f	
boom	estruendo	m	
boot	bota	f	
booth	cabina	f	
border	frontera	f	
borderline	línea divisoria	f	
boredom	aburrimiento	m	
borrowing	préstamo	m	
borscht	borscht	m	
boss	jefe	m	
botany	botánica	f	
bother	molestia	f	
bottle	botella	f	
bottom	fondo	m	
bounce	rebote	m	
bounty	recompensa	f	
bouquet	ramo	m	
bourgeois	burgués	m	
bout	combate	m	
bowel	intestino	m	
bowl	tazón	m	
bowling	boliche	m	
box	caja	f	
boxing	boxeo	m	
boy	niño	m	
boyhood	niñez	f	
brace	soporte	m	
bracelet	pulsera	f	
brag	fanfarronada	f	
braid	trenza	f	
brain	cerebro	m	
brake	freno	m	
branch	rama	f	
brand	marca	f	
brandy	brandy	m	
brass	latón	m	
Brazil	Brasil	m	
breach	brecha	f	
bread	pan	m	
breadth	anchura	f	
break	pausa	f	
breakdown	avería	f	
breakfast	desayuno	m	
breast	pecho	m	
breath	aliento	m	
breeze	brisa	f	
brew	bebida	f	
bribe	soborno	m	
brick	ladrillo	m	
bride	novia	f	
bridge	puente	m	
brief	resumen	m	
brilliant	brillo	m	
brink	borde	m	
Britain	Bretaña	f	
broadcast	transmisión	f	
broadcasting	radiodifusión	f	
broccoli	brócoli	m	
broker	corredor	m	
bronze	bronce	m	
brook	arroyo	m	
broth	caldo	m	
brother	hermano	m	
brow	ceja	f	
brown	marrón	m	
browse	ojeada	f	
bruise	moretón	m	
brunch	brunch	m	
brush	cepillo	m	
brutality	brutalidad	f	
brute	bruto	m	
bubble	burbuja	f	
buck	ciervo	m	
bucket	cubo	m	
buckle	hebilla	f	
bud	capullo	m	
buddhism	budismo	m	
buddhist	budista	m	
buddy	amigo	m	
budget	presupuesto	m	
buff	entusiasta	m	
buffalo	búfalo	m	
bug	insecto	m	
build	constitución	f	
builder	constructor	m	
building	edificio	m	
bulgogi	bulgogi	m	
bulk	volumen	m	
bull	toro	m	
bullet	bala	f	
bun	bollo	m	
bunch	racimo	m	
burden	carga	f	
bureau	oficina	f	
bureaucracy	burocracia	f	
burial	entierro	m	
burn	quemadura	f	
bus	autobús	m	
bush	arbusto	m	
business	negocio	m	
businessperson	empresario	m	
bustle	bullicio	m	
but	objeción	f	
butler	mayordomo	m	
butt	extremo	m	
butter	mantequilla	f	
butterfly	mariposa	f	
button	botón	m	
buyer	comprador	m	
buyout	adquisición	f	
buzz	zumbido	m	
cabbage	col	f	
cabinet	gabinete	m	
cable	cable	m	
cactus	cactus	m	
cadet	cadete	m	
cafe	café	m	
cage	jaula	f	
cake	pastel	m	
cakewalk	tarea fácil	f	
calamity	calamidad	f	
calcium	calcio	m	
calculation	cálculo	m	
calculus	cálculo	m	
calendar	calendario	m	
calf	ternero	m	
California	California	f	
call	llamada	f	
calm	calma	f	
camel	camello	m	
camera	cámara	f	
camp	campamento	m	
campaign	campaña	f	
campus	campus	m	
can	lata	f	
Canada	Canadá	m	
canal	canal	m	
canary	canario	m	
cancel	cancelación	f	
cancellation	cancelación	f	
cancer	cáncer	m	
candidate	candidato	m	
candle	vela	f	
candy	dulce	m	
cane	bastón	m	
canoe	canoa	f	
canon	canon	m	
canopy	dosel	m	
canvas	lienzo	m	
canyon	cañón	m	
cap	gorra	f	
capability	capacidad	f	
capacitance	capacitancia	f	
capacity	capacidad	f	
cape	capa	f	
capital	capital	f	
capitalism	capitalismo	m	
captain	capitán	m	
capture	captura	f	
car	coche	m	
carbon	carbono	m	
card	tarjeta	f	
cardinal	cardenal	m	
care	cuidado	m	
career	carrera	f	
cargo	carga	f	
caricature	caricatura	f	
carnation	clavel	m	
carnival	carnaval	m	
carol	villancico	m	
carp	carpa	f	
carpet	alfombra	f	
carriage	carruaje	m	
carrier	transportista	m	
carrot	zanahoria	f	
cartoon	dibujo animado	m	
case	caso	m	
cash	efectivo	m	
cast	reparto	m	
caste	casta	f	
casting	casting	m	
castle	castillo	m	
casual	ropa casual	f	
cat	gato	m	
catalog	catálogo	m	
catalyst	catalizador	m	
catch	captura	f	
category	categoría	f	
caterpillar	oruga	f	
cathedral	catedral	f	
catholic	católico	m	
cattle	ganado	m	
cauliflower	coliflor	f	
cause	causa	f	
caution	precaución	f	
cavalry	caballería	f	
cave	cueva	f	
ceasefire	alto el fuego	m	
cedar	cedro	m	
ceiling	techo	m	
celebration	celebración	f	
celebrity	celebridad	f	
celery	apio	m	
cell	celda	f	
cellar	sótano	m	
cello	violonchelo	m	
cement	cemento	m	
censor	censor	m	
censorship	censura	f	
census	censo	m	
cent	centavo	m	
center	centro	m	
centimeter	centímetro	m	
century	siglo	m	
cereal	cereal	m	
ceremonial	ceremonia	f	
ceremony	ceremonia	f	
certainty	certeza	f	
certificate	certificado	m	
chain	cadena	f	
chair	silla	f	
chairman	presidente	m	
chalk	tiza	f	
challenge	desafío	m	
chamber	cámara	f	
champagne	champán	m	
champion	campeón	m	
championship	campeonato	m	
chance	oportunidad	f	
chancellor	canciller	m	
change	cambio	m	
channel	canal	m	
chapati	chapati	m	
chapel	capilla	f	
chapter	capítulo	m	
character	personaje	m	
characteristic	característica	f	
charcoal	carbón	m	
charge	cargo	m	
charity	caridad	f	
charm	encanto	m	
chart	gráfico	m	
charter	carta	f	
chase	persecución	f	
cheat	tramposo	m	
check	verificación	f	
checkup	chequeo	m	
cheek	mejilla	f	
cheer	vítores	m	
cheese	queso	m	
chemical	químico	m	
chemist	químico	m	
chemistry	química	f	
cherry	cereza	f	
chess	ajedrez	m	
chest	pecho	m	
chestnut	castaña	f	
chew	masticación	f	
chick	polluelo	m	
chicken	pollo	m	
chickpea	garbanzo	m	
chief	jefe	m	
child	niño	m	
childhood	infancia	f	
chill	frío	m	
chime	campanada	f	
chin	barbilla	f	
China	China	f	
Chinese	chino	m	
chip	fragmento	m	
chlorine	cloro	m	
chocolate	chocolate	m	
choice	elección	f	
choir	coro	m	
choke	estrangulador	m	
chop	tajo	m	
chord	acorde	m	
chore	tarea	f	
chorus	coro	m	
christ	cristo	m	
christian	cristiano	m	
christianity	cristianismo	m	
Christmas	Navidad	f	
chromosome	cromosoma	m	
chronicle	crónica	f	
chuck	golpecito	m	
chump	tonto	m	
church	iglesia	f	
cider	sidra	f	
cinema	cine	m	
circle	círculo	m	
circulation	circulación	f	
circumstance	circunstancia	f	
circus	circo	m	
citation	cita	f	
citizen	ciudadano	m	
citizenship	ciudadanía	f	
city	ciudad	f	
civility	civilidad	f	
civilization	civilización	f	
claim	reclamo	m	
clam	almeja	f	
clamor	clamor	m	
clamp	abrazadera	f	
clap	aplauso	m	
clash	choque	m	
class	clase	f	
classic	clásico	m	
classmate	compañero	m	
classroom	aula	f	
clatter	estrépito	m	
clause	cláusula	f	
claw	garra	f	
clay	arcilla	f	
cleaning	limpieza	f	
cleanliness	limpieza	f	
cleanser	limpiador	m	
cleanup	limpieza	f	
clearance	autorización	f	
clearing	claro	m	
clench	agarre	m	
clergy	clero	m	
clergyman	clérigo	m	
clerical	trabajo administrativo	m	
clerk	empleado	m	
client	cliente	m	
cliff	acantilado	m	
climate	clima	m	
climax	clímax	m	
climb	ascenso	m	
clinic	clínica	f	
clip	sujetador	m	
cloak	capa	f	
clock	reloj	m	
close	cierre	m	
closet	armario	m	
closure	cierre	m	
cloth	tela	f	
clothes	ropa	f	
clothing	vestimenta	f	
cloud	nube	f	
clover	trébol	m	
club	club	m	
clue	pista	f	
clutch	agarre	m	
coach	entrenador	m	
coal	carbón	m	
coalition	coalición	f	
coast	costa	f	
coat	abrigo	m	
coating	revestimiento	m	
cock	gallo	m	
cocktail	cóctel	m	
cocoa	cacao	m	
coconut	coco	m	
cod	bacalao	m	
code	código	m	
coffee	café	m	
coffin	ataúd	m	
coin	moneda	f	
coincidence	coincidencia	f	
cola	cola	f	
cold	frío	m	
collaboration	colaboración	f	
collapse	colapso	m	
collar	cuello	m	
collateral	garantía	f	
colleague	colega	m	
collection	colección	f	
college	universidad	f	
colonel	coronel	m	
colony	colonia	f	
color	color	m	
coloring	coloración	f	
Colosseum	Coliseo	m	
column	columna	f	
comb	peine	m	
combat	combate	m	
combination	combinación	f	
comedy	comedia	f	
comer	recién llegado	m	
comet	cometa	m	
comfort	confort	m	
comic	cómic	m	
command	orden	f	
commander	comandante	m	
comment	comentario	m	
commentary	comentario	m	
commerce	comercio	m	
commercial	anuncio	m	
commission	comisión	f	
commitment	compromiso	m	
committee	comité	m	
common	bien común	m	
commonwealth	mancomunidad	f	
communication	comunicación	f	
communion	comunión	f	
communism	comunismo	m	
communist	comunista	m	
community	comunidad	f	
companion	compañero	m	
company	empresa	f	
comparative	comparativo	m	
comparison	comparación	f	
compass	brújula	f	
compassion	compasión	f	
compensation	compensación	f	
competence	competencia	f	
competition	competencia	f	
compilation	compilación	f	
complaint	queja	f	
completion	finalización	f	
complexion	cutis	m	
complexity	complejidad	f	
complication	complicación	f	
compliment	cumplido	m	
composer	compositor	m	
composition	composición	f	
compost	compost	m	
compound	compuesto	m	
compromise	compromiso	m	
compulsion	compulsión	f	
computer	computadora	f	
comrade	camarada	m	
conceit	vanidad	f	
concentration	concentración	f	
concept	concepto	m	
conception	concepción	f	
concern	preocupación	f	
concert	concierto	m	
concession	concesión	f	
conclusion	conclusión	f	
concrete	hormigón	m	
condemnation	condena	f	
condition	condición	f	
condominium	condominio	m	
conduct	conducta	f	
conductor	director	m	
conference	conferencia	f	
confession	confesión	f	
confidence	confianza	f	
confinement	confinamiento	m	
conflict	conflicto	m	
confusion	confusión	f	
conglomerate	conglomerado	m	
congratulation	felicitación	f	
congregation	congregación	f	
congress	congreso	m	
conjunction	conjunción	f	
connection	conexión	f	
conqueror	conquistador	m	
conquest	conquista	f	
conscience	conciencia	f	
conscious	estado consciente	m	
consciousness	conciencia	f	
conscription	conscripción	f	
consequence	consecuencia	f	
consideration	consideración	f	
consignment	consignación	f	
consistency	consistencia	f	
consolation	consuelo	m	
consortium	consorcio	m	
conspiracy	conspiración	f	
constable	alguacil	m	
constellation	constelación	f	
constitution	constitución	f	
constraint	restricción	f	
construction	construcción	f	
consulate	consulado	m	
consultancy	consultoría	f	
consultation	consulta	f	
consulting	consultoría	f	
consumer	consumidor	m	
consumption	consumo	m	
contact	contacto	m	
container	contenedor	m	
contamination	contaminación	f	
contempt	desprecio	m	
content	contenido	m	
contention	controversia	f	
contest	concurso	m	
context	contexto	m	
continent	continente	m	
contingent	contingente	m	
continuation	continuación	f	
continuity	continuidad	f	
contour	contorno	m	
contract	contrato	m	
contraction	contracción	f	
contractor	contratista	m	
contrary	contrario	m	
contrast	contraste	m	
contribution	contribución	f	
control	control	m	
controversy	controversia	f	
convenience	conveniencia	f	
convention	convención	f	
conversation	conversación	f	
converse	inverso	m	
conversion	conversión	f	
conveyance	transporte	m	
conviction	convicción	f	
cook	cocinero	m	
cookery	cocina	f	
cookie	galleta	f	
cooking	cocina	f	
cool	frescura	f	
cooperation	cooperación	f	
coordinate	coordenada	f	
cop	policía	m	
copper	cobre	m	
copy	copia	f	
copyright	derechos de autor	m	
coral	coral	m	
cord	cordón	m	
cordial	cordial	m	
core	núcleo	m	
cork	corcho	m	
corn	maíz	m	
corner	esquina	f	
corporal	cabo	m	
corporation	corporación	f	
corps	cuerpo	m	
correction	corrección	f	
correlation	correlación	f	
correspondence	correspondencia	f	
correspondent	corresponsal	m	
corridor	corredor	m	
corruption	corrupción	f	
cosmetic	cosmético	m	
cosmos	cosmos	m	
cost	costo	m	
costume	disfraz	m	
cottage	cabaña	f	
cotton	algodón	m	
couch	sofá	m	
cough	tos	f	
council	consejo	m	
counsel	consejo	m	
counseling	asesoramiento	m	
count	recuento	m	
countenance	semblante	m	
counter	mostrador	m	
country	país	m	
countryside	campo	m	
county	condado	m	
coup	golpe	m	
couple	pareja	f	
courage	coraje	m	
courier	mensajero	m	
course	curso	m	
court	tribunal	m	
courtesy	cortesía	f	
courthouse	palacio de justicia	m	
courtroom	sala del tribunal	f	
courtship	cortejo	m	
cousin	primo	m	
cover	cubierta	f	
coverage	cobertura	f	
cow	vaca	f	
coward	cobarde	m	
crab	cangrejo	m	
crack	grieta	f	
cracker	galleta salada	f	
cradle	cuna	f	
craft	artesanía	f	
cram	repaso intensivo	m	
cramp	calambre	m	
crane	grúa	f	
crash	choque	m	
crawl	gateo	m	
cream	crema	f	
creation	creación	f	
creator	creador	m	
creature	criatura	f	
credit	crédito	m	
creditor	acreedor	m	
creed	credo	m	
creek	arroyo	m	
creep	arrastre	m	
crescent	media luna	f	
crew	tripulación	f	
crib	cuna	f	
crime	crimen	m	
criminal	criminal	m	
crisis	crisis	f	
criterion	criterio	m	
critic	crítico	m	
criticism	crítica	f	
crocodile	cocodrilo	m	
crop	cultivo	m	
cross	cruz	f	
crossing	cruce	m	
crouch	agachamiento	m	
crow	cuervo	m	
crowd	multitud	f	
crown	corona	f	
cruelty	crueldad	f	
cruise	crucero	m	
crumb	migaja	f	
crunch	crujido	m	
crusade	cruzada	f	
crush	enamoramiento	m	
crust	corteza	f	
crutch	muleta	f	
cry	grito	m	
crystal	cristal	m	
cube	cubo	m	
cuckoo	cuco	m	
cucumber	pepino	m	
cuddle	abrazo	m	
cuff	puño	m	
cult	culto	m	
cultivation	cultivo	m	
culture	cultura	f	
cup	copa	f	
cure	cura	f	
curfew	toque de queda	m	
curiosity	curiosidad	f	
curl	rizo	m	
currency	moneda	f	
current	corriente	f	
curriculum	plan de estudios	m	
curry	curry	m	
curse	maldición	f	
curtain	cortina	f	
curve	curva	f	
cushion	cojín	m	
custard	natillas	f	
custody	custodia	f	
custom	costumbre	f	
customer	cliente	m	
cut	corte	m	
cutback	recorte	m	
cycle	ciclo	m	
cycling	ciclismo	m	
dad	papá	m	
daffodil	narciso	m	
daily	diario	m	
dairy	lechería	f	
daisy	margarita	f	
dam	presa	f	
damage	daño	m	
damn	maldición	f	
dance	baile	m	
dancer	bailarín	m	
dandelion	diente de león	m	
danger	peligro	m	
dare	desafío	m	
dark	oscuridad	f	
darkness	oscuridad	f	
darling	cariño	m	
dart	dardo	m	
dash	arranque	m	
data	datos	m	
database	base de datos	f	
date	fecha	f	
daughter	hija	f	
dawn	amanecer	m	
day	día	m	
daybreak	alba	f	
daylight	luz del día	f	
daytime	día	m	
daze	aturdimiento	m	
dazzle	deslumbramiento	m	
dead	difunto	m	
deadline	fecha límite	f	
deadlock	punto muerto	m	
deal	trato	m	
dealer	comerciante	m	
dealership	concesionario	m	
dealing	negociación	f	
dear	querido	m	
death	muerte	f	
debate	debate	m	
debt	deuda	f	
debtor	deudor	m	
decade	década	f	
deceit	engaño	m	
December	diciembre	m	
decency	decencia	f	
deception	engaño	m	
decision	decisión	f	
deck	cubierta	f	
declaration	declaración	f	
decline	declive	m	
decoration	decoración	f	
decrease	disminución	f	
decree	decreto	m	
dedication	dedicación	f	
deduction	deducción	f	
deep	profundidad	f	
deer	ciervo	m	
default	incumplimiento	m	
defeat	derrota	f	
defect	defecto	m	
defendant	acusado	m	
defense	defensa	f	
deficiency	deficiencia	f	
deficit	déficit	m	
definition	definición	f	
deflation	deflación	f	
degree	grado	m	
deity	deidad	f	
delay	retraso	m	
delegate	delegado	m	
delegation	delegación	f	
delicacy	delicadeza	f	
delight	deleite	m	
delivery	entrega	f	
delta	delta	m	
deluge	diluvio	m	
demand	demanda	f	
democracy	democracia	f	
demonstration	demostración	f	
denial	negación	f	
denim	mezclilla	f	
denomination	denominación	f	
density	densidad	f	
dentist	dentista	m	
department	departamento	m	
departure	partida	f	
dependency	dependencia	f	
deportation	deportación	f	
deposit	depósito	m	
deposition	deposición	f	
depreciation	depreciación	f	
depression	depresión	f	
depth	profundidad	f	
deputy	diputado	m	
deregulation	desregulación	f	
descent	descenso	m	
description	descripción	f	
desert	desierto	m	
design	diseño	m	
designation	designación	f	
designer	diseñador	m	
desire	deseo	m	
desk	escritorio	m	
desktop	escritorio	m	
despair	desesperación	f	
dessert	postre	m	
destination	destino	m	
destiny	destino	m	
destruction	destrucción	f	
detachment	desapego	m	
detail	detalle	m	
detection	detección	f	
detective	detective	m	
determination	determinación	f	
devaluation	devaluación	f	
developer	desarrollador	m	
development	desarrollo	m	
device	dispositivo	m	
devil	diablo	m	
devotion	devoción	f	
dew	rocío	m	
diabetes	diabetes	f	
diagnosis	diagnóstico	m	
diagram	diagrama	m	
dial	esfera	f	
dialogue	diálogo	m	
diamond	diamante	m	
diaper	pañal	m	
diary	diario	m	
dice	dados	m	
dictation	dictado	m	
dictatorship	dictadura	f	
dictionary	diccionario	m	
die	dado	m	
diet	dieta	f	
difference	diferencia	f	
difficulty	dificultad	f	
diffraction	difracción	f	
dig	excavación	f	
digestion	digestión	f	
dignity	dignidad	f	
dime	moneda	f	
dimension	dimensión	f	
dining	comida	f	
dinner	cena	f	
dinosaur	dinosaurio	m	
dip	inmersión	f	
diploma	diploma	m	
diplomacy	diplomacia	f	
diplomat	diplomático	m	
direction	dirección	f	
director	director	m	
directory	directorio	m	
dirt	suciedad	f	
disability	discapacidad	f	
disadvantage	desventaja	f	
disagreement	desacuerdo	m	
disappointment	decepción	f	
disapproval	desaprobación	f	
disarmament	desarme	m	
disaster	desastre	m	
discard	descarte	m	
discharge	alta	f	
discipline	disciplina	f	
disclosure	divulgación	f	
disco	discoteca	f	
discomfort	malestar	m	
discord	discordia	f	
discount	descuento	m	
discouragement	desaliento	m	
discourse	discurso	m	
discovery	descubrimiento	m	
discredit	descrédito	m	
discrimination	discriminación	f	
discussion	discusión	f	
disease	enfermedad	f	
disgrace	deshonra	f	
disgust	asco	m	
dish	plato	m	
dishonor	deshonor	m	
disk	disco	m	
dismissal	despido	m	
disorder	trastorno	m	
dispatch	despacho	m	
displacement	desplazamiento	m	
display	exhibición	f	
disposal	eliminación	f	
disposition	disposición	f	
dispute	disputa	f	
dissatisfaction	insatisfacción	f	
dissolution	disolución	f	
distance	distancia	f	
distinction	distinción	f	
distortion	distorsión	f	
distraction	distracción	f	
distress	angustia	f	
distribution	distribución	f	
distributor	distribuidor	m	
district	distrito	m	
disturbance	perturbación	f	
ditch	zanja	f	
diversion	desviación	f	
diversity	diversidad	f	
dividend	dividendo	m	
divinity	divinidad	f	
division	división	f	
divorce	divorcio	m	
dock	muelle	m	
doctor	médico	m	
doctrine	doctrina	f	
document	documento	m	
dog	perro	m	
dogma	dogma	m	
doll	muñeca	f	
dollar	dólar	m	
dolphin	delfín	m	
domain	dominio	m	
domestic	empleado	m	
domination	dominación	f	
dominion	dominio	m	
don	don	m	
donation	donación	f	
donkey	burro	m	
donut	dona	f	
doom	perdición	f	
door	puerta	f	
doorway	entrada	f	
dope	droga	f	
dork	tonto	m	
dormitory	dormitorio	m	
dose	dosis	f	
dot	punto	m	
double	doble	m	
doubt	duda	f	
doughnut	rosquilla	f	
down	plumón	m	
downsizing	reducción	f	
downstairs	planta baja	f	
downtown	centro	m	
downturn	declive	m	
doze	siesta	f	
dozen	docena	f	
draft	borrador	m	
drag	arrastre	m	
dragon	dragón	m	
drain	desagüe	m	
drama	drama	m	
drawback	inconveniente	m	
drawer	cajón	m	
drawing	dibujo	m	
dread	temor	m	
dream	sueño	m	
dress	vestido	m	
dressing	aderezo	m	
drift	deriva	f	
drill	taladro	m	
drink	bebida	f	
drip	gota	f	
drive	viaje	m	
driver	conductor	m	
drone	dron	m	
droop	caída	f	
drop	gota	f	
drug	medicamento	m	
drugstore	farmacia	f	
drum	tambor	m	
dryness	sequedad	f	
duck	pato	m	
duckling	patito	m	
due	cuota	f	
duke	duque	m	
dump	basurero	m	
dumpling	bola	f	
durability	durabilidad	f	
duration	duración	f	
dusk	crepúsculo	m	
dust	polvo	m	
duty	deber	m	
dwarf	enano	m	
dynamic	dinámica	f	
dynamics	dinámica	f	
dynasty	dinastía	f	
each	unidad	f	
eagle	águila	f	
ear	oído	m	
early	comienzo	m	
earnest	seriedad	f	
earnings	ganancias	f	
earring	arete	m	
earth	tierra	f	
earthquake	terremoto	m	
east	este	m	
Easter	Pascua	f	
eastward	rumbo	m	
ebb	reflujo	m	
eccentricity	excentricidad	f	
echo	eco	m	
eclipse	eclipse	m	
ecology	ecología	f	
e-commerce	comercio	m	
economics	economía	f	
economist	economista	m	
economy	economía	f	
ecosystem	ecosistema	m	
edge	borde	m	
edible	comestible	m	
edition	edición	f	
editor	editor	m	
education	educación	f	
eel	anguila	f	
effect	efecto	m	
effectiveness	eficacia	f	
efficiency	eficiencia	f	
effort	esfuerzo	m	
egg	huevo	m	
eggplant	berenjena	f	
ego	ego	m	
Egypt	Egipto	m	
eight	ocho	m	
eighteen	dieciocho	m	
eighth	octavo	m	
eightieth	octogésimo	m	
eighty	ochenta	m	
either	cualquiera	m	
elaboration	elaboración	f	
elastic	elástico	m	
elbow	codo	m	
election	elección	f	
electric	electricidad	f	
electricity	electricidad	f	
electrolysis	electrólisis	f	
electrolyte	electrolito	m	
electromagnet	electroimán	m	
electromagnetism	electromagnetismo	m	
electron	electrón	m	
electronics	electrónica	f	
elegance	elegancia	f	
element	elemento	m	
elephant	elefante	m	
elevator	ascensor	m	
eleven	once	m	
eleventh	undécimo	m	
elimination	eliminación	f	
elite	élite	f	
ellipsis	elipsis	f	
elm	olmo	m	
e-mail	correo	m	
email	correo	m	
embarrassment	vergüenza	f	
embodiment	encarnación	f	
emergency	emergencia	f	
emigration	emigración	f	
eminence	eminencia	f	
emission	emisión	f	
emotion	emoción	f	
emperor	emperador	m	
emphasis	énfasis	m	
empire	imperio	m	
employee	empleado	m	
employer	empleador	m	
employment	empleo	m	
enactment	promulgación	f	
enclosure	recinto	m	
encore	bis	m	
encouragement	aliento	m	
end	fin	m	
ending	final	m	
endowment	dotación	f	
endurance	resistencia	f	
enemy	enemigo	m	
energy	energía	f	
enforcement	aplicación	f	
engagement	compromiso	m	
engineer	ingeniero	m	
England	Inglaterra	f	
English	inglés	m	
enjoyment	disfrute	m	
enlargement	ampliación	f	
enlightenment	ilustración	f	
enrollment	inscripción	f	
ensemble	conjunto	m	
entail	implicación	f	
enterprise	empresa	f	
entertainment	entretenimiento	m	
enthusiasm	entusiasmo	m	
entity	entidad	f	
entrance	entrada	f	
entry	entrada	f	
environment	ambiente	m	
envy	envidia	f	
enzyme	enzima	f	
epidemic	epidemia	f	
episode	episodio	m	
epoch	época	f	
equality	igualdad	f	
equation	ecuación	f	
equator	ecuador	m	
equipment	equipo	m	
equity	equidad	f	
eraser	borrador	m	
erection	erección	f	
error	error	m	
eruption	erupción	f	
escape	escape	m	
escort	escolta	f	
essence	esencia	f	
establishment	establecimiento	m	
estate	finca	f	
esteem	estima	f	
estimate	estimación	f	
estimation	estimación	f	
eternal	eterno	m	
eternity	eternidad	f	
ethic	ética	f	
etiquette	etiqueta	f	
euphemism	eufemismo	m	
euro	euro	m	
Europe	Europa	f	
evacuation	evacuación	f	
eve	víspera	f	
evening	tarde	f	
event	evento	m	
evergreen	perenne	f	
everlasting	eterno	m	
evidence	evidencia	f	
evil	maldad	f	
evolution	evolución	f	
ex	ex	m	
exaggeration	exageración	f	
exam	examen	m	
examination	examen	m	
example	ejemplo	m	
exception	excepción	f	
excess	exceso	m	
exchange	intercambio	m	
excitement	emoción	f	
exclamation	exclamación	f	
excursion	excursión	f	
excuse	excusa	f	
execution	ejecución	f	
executive	ejecutivo	m	
exemption	exención	f	
exercise	ejercicio	m	
exertion	esfuerzo	m	
exhaust	escape	m	
exhibition	exposición	f	
exile	exilio	m	
existence	existencia	f	
exodus	éxodo	m	
expanse	extensión	f	
expansion	expansión	f	
expectation	expectativa	f	
expedition	expedición	f	
expenditure	gasto	m	
expense	gasto	m	
experience	experiencia	f	
experiment	experimento	m	
expert	experto	m	
explanation	explicación	f	
explosion	explosión	f	
export	exportación	f	
exposition	exposición	f	
exposure	exposición	f	
express	expreso	m	
expression	expresión	f	
extension	extensión	f	
extent	extensión	f	
exterior	exterior	m	
extinction	extinción	f	
extract	extracto	m	
extraction	extracción	f	
extravagance	extravagancia	f	
extreme	extremo	m	
extremist	extremista	m	
eye	ojo	m	
fable	fábula	f	
fabric	tela	f	
face	cara	f	
facility	instalación	f	
facing	revestimiento	m	
facsimile	facsímil	m	
fact	hecho	m	
faction	facción	f	
factor	factor	m	
factory	fábrica	f	
failure	fracaso	m	
fair	feria	f	
fairness	justicia	f	
fairy	hada	f	
faith	fe	f	
fake	falsificación	f	
falcon	halcón	m	
fall	otoño	m	
falsehood	falsedad	f	
fame	fama	f	
familiarity	familiaridad	f	
family	familia	f	
famine	hambruna	f	
fan	ventilador	m	
fancy	fantasía	f	
fantasy	fantasía	f	
fare	tarifa	f	
farewell	despedida	f	
farm	granja	f	
farmer	agricultor	m	
farmhand	peón	m	
farmhouse	casa	f	
farming	agricultura	f	
farmland	tierra	f	
fascination	fascinación	f	
fascism	fascismo	m	
fashion	moda	f	
fat	grasa	f	
fatality	fatalidad	f	
fate	destino	m	
father	padre	m	
fatigue	fatiga	f	
fault	falla	f	
favor	favor	m	
favorite	favorito	m	
fear	miedo	m	
feast	festín	m	
feather	pluma	f	
feature	característica	f	
February	febrero	m	
federation	federación	f	
fee	tarifa	f	
feed	pienso	m	
feedback	retroalimentación	f	
feel	sensación	f	
feeling	sentimiento	m	
fellow	compañero	m	
fellowship	compañerismo	m	
felony	delito	m	
fence	cerca	f	
ferment	fermento	m	
fern	helecho	m	
fertilizer	fertilizante	m	
festival	festival	m	
festivity	festividad	f	
fever	fiebre	f	
fiber	fibra	f	
fiction	ficción	f	
fidelity	fidelidad	f	
field	campo	m	
fifteen	quince	m	
fifteenth	decimoquinto	m	
fifth	quinto	m	
fiftieth	quincuagésimo	m	
fifty	cincuenta	m	
fig	higo	m	
fight	pelea	f	
fighter	luchador	m	
figure	figura	f	
fill	relleno	m	
film	película	f	
finance	finanza	f	
fine	multa	f	
finger	dedo	m	
finish	final	m	
fir	abeto	m	
fire	fuego	m	
firework	pirotecnia	f	
firm	firma	f	
first	primero	m	
fish	pez	m	
fishery	pesquería	f	
fishing	pesca	f	
fist	puño	m	
fit	ajuste	m	
fitness	condición física	f	
five	cinco	m	
fix	solución	f	
flag	bandera	f	
flair	talento	m	
flame	llama	f	
flap	solapa	f	
flare	bengala	f	
flash	destello	m	
flat	apartamento	m	
flavor	sabor	m	
flavoring	aromatizante	m	
flea	pulga	f	
flesh	carne	f	
flextime	horario flexible	m	
flick	movimiento	m	
flicker	parpadeo	m	
flight	vuelo	m	
fling	aventura	f	
flint	pedernal	m	
flock	bandada	f	
flood	inundación	f	
floor	piso	m	
flop	fracaso	m	
flour	harina	f	
flow	flujo	m	
flower	flor	f	
fluid	fluido	m	
flurry	ráfaga	f	
flush	rubor	m	
flute	flauta	f	
flutter	aleteo	m	
flux	flujo	m	
fly	mosca	f	
focus	enfoque	m	
fodder	forraje	m	
fog	niebla	f	
foil	papel de aluminio	m	
fold	pliegue	m	
folk	gente	f	
folly	locura	f	
food	alimento	m	
fool	tonto	m	
foot	pie	m	
football	fútbol americano	m	
force	fuerza	f	
fore	proa	f	
forefront	vanguardia	f	
foreground	primer plano	m	
forehead	frente	f	
foreigner	extranjero	m	
foresight	previsión	f	
forest	bosque	m	
fork	tenedor	m	
form	formulario	m	
formality	formalidad	f	
formation	formación	f	
formula	fórmula	f	
formulation	formulación	f	
fort	fuerte	m	
forth	avance	m	
fortieth	cuadragésimo	m	
fortune	fortuna	f	
forty	cuarenta	m	
fossil	fósil	m	
foster	padre de acogida	m	
foul	falta	f	
foundation	fundación	f	
four	cuatro	m	
fourteen	catorce	m	
fourteenth	decimocuarto	m	
fourth	cuarto	m	
fowl	ave de corral	f	
fox	zorro	m	
fraction	fracción	f	
fracture	fractura	f	
frame	marco	m	
franchise	franquicia	f	
frank	franco	m	
fraternity	fraternidad	f	
fraud	fraude	m	
fray	desgaste	m	
freak	fenómeno	m	
freebie	obsequio	m	
freedom	libertad	f	
freeze	congelación	f	
freight	carga	f	
French	francés	m	
frequency	frecuencia	f	
freshness	frescura	f	
fret	traste	m	
Friday	viernes	m	
friend	amigo	m	
friendship	amistad	f	
fright	susto	m	
frill	volante	m	
fringe	fleco	m	
frog	rana	f	
front	frente	m	
frontier	frontera	f	
frost	escarcha	f	
fruit	fruta	f	
fuel	combustible	m	
fume	humo	m	
fun	diversión	f	
fund	fondo	m	
fundamental	fundamento	m	
funeral	funeral	m	
fungus	hongo	m	
funk	depresión	f	
fur	piel	f	
furrow	surco	m	
fury	furia	f	
fuse	fusible	m	
fusion	fusión	f	
fuss	alboroto	m	
future	futuro	m	
gain	ganancia	f	
galaxy	galaxia	f	
gale	vendaval	m	
gallery	galería	f	
gallop	galope	m	
gamble	apuesta	f	
game	juego	m	
ganges	Ganges	m	
gape	bostezo	m	
garage	garaje	m	
garden	jardín	m	
garlic	ajo	m	
garment	prenda	f	
gas	gas	m	
gate	puerta	f	
gateway	puerta	f	
gathering	reunión	f	
gaze	mirada	f	
gear	equipo	m	
geek	friki	m	
gem	gema	f	
gender	género	m	
gene	gen	m	
general	general	m	
generality	generalidad	f	
generalization	generalización	f	
generation	generación	f	
generosity	generosidad	f	
genesis	génesis	m	
genetics	genética	f	
genius	genio	m	
genome	genoma	m	
gentleman	caballero	m	
gentry	nobleza	f	
geography	geografía	f	
geology	geología	f	
germ	germen	m	
German	alemán	m	
gesture	gesto	m	
ghost	fantasma	m	
giant	gigante	m	
gibbon	gibón	m	
gift	regalo	m	
gig	actuación	f	
gin	ginebra	f	
ginger	jengibre	m	
giraffe	jirafa	f	
girl	niña	f	
glacier	glaciar	m	
glare	resplandor	m	
glass	vidrio	m	
glee	alegría	f	
glitter	brillo	m	
globe	globo	m	
gloom	oscuridad	f	
glory	gloria	f	
glossy	satinado	m	
glove	guante	m	
glow	resplandor	m	
glue	pegamento	m	
go	turno	m	
goal	meta	f	
goat	cabra	f	
god	dios	m	
goddess	diosa	f	
gold	oro	m	
goldfish	pez dorado	m	
golf	golf	m	
goodness	bondad	f	
goods	bienes	m	
goodwill	buena voluntad	f	
goose	ganso	m	
gorge	garganta	f	
gorilla	gorila	m	
gospel	evangelio	m	
gossip	chisme	m	
government	gobierno	m	
governor	gobernador	m	
gown	vestido	m	
grace	gracia	f	
grade	calificación	f	
graduation	graduación	f	
grain	grano	m	
gram	gramo	m	
grammar	gramática	f	
grand	piano de cola	m	
grandfather	abuelo	m	
grandmother	abuela	f	
grandparent	abuelo	m	
grant	subvención	f	
grape	uva	f	
grapefruit	pomelo	m	
grasp	agarre	m	
grass	hierba	f	
grasshopper	saltamontes	m	
gratification	gratificación	f	
gratitude	gratitud	f	
grave	tumba	f	
gravel	grava	f	
gravity	gravedad	f	
gravy	salsa	f	
gray	gris	m	
graze	pasto	m	
grazing	pastoreo	m	
Greek	griego	m	
green	color verde	m	
greenhouse	invernadero	m	
greeting	saludo	m	
grenade	granada	f	
greyhound	galgo	m	
grid	red	f	
grief	dolor	m	
grind	molienda	f	
grip	agarre	m	
grocery	comestibles	m	
gross	bruto	m	
grotesque	grotesco	m	
ground	suelo	m	
group	grupo	m	
grove	arboleda	f	
growth	crecimiento	m	
grub	larva	f	
grumble	queja	f	
guarantee	garantía	f	
guard	guardia	m	
guess	suposición	f	
guest	invitado	m	
guide	guía	m	
guideline	directriz	f	
guild	gremio	m	
guilt	culpa	f	
guitar	guitarra	f	
guitarist	guitarrista	m	
gum	encía	f	
gun	pistola	f	
gunshot	disparo	m	
gush	chorro	m	
gust	ráfaga	f	
gut	intestino	m	
gutter	canalón	m	
gym	gimnasio	m	
gymnastics	gimnasia	f	
habit	hábito	m	
hail	granizo	m	
hair	cabello	m	
half	mitad	f	
half-life	vida media	f	
hall	vestíbulo	m	
halt	parada	f	
ham	jamón	m	
hamburger	hamburguesa	f	
hammer	martillo	m	
hamster	hámster	m	
hand	mano	f	
handicraft	artesanía	f	
handkerchief	pañuelo	m	
handle	asa	f	
hang	colgadura	f	
hangover	resaca	f	
happiness	felicidad	f	
harassment	acoso	m	
harbor	puerto	m	
hardness	dureza	f	
hardship	dificultad	f	
hardy	resistencia	f	
hare	liebre	f	
harm	daño	m	
harmonica	armónica	f	
harmony	armonía	f	
harp	arpa	f	
harvest	cosecha	f	
hat	sombrero	m	
hate	odio	m	
hatred	odio	m	
haul	transporte	m	
hawaii	Hawái	m	
hawk	halcón	m	
hay	heno	m	
hazard	peligro	m	
haze	neblina	f	
head	cabeza	f	
headache	dolor de cabeza	m	
heading	encabezado	m	
headline	titular	m	
headquarters	sede	f	
healing	curación	f	
health	salud	f	
hearing	audición	f	
heart	corazón	m	
heat	calor	m	
heath	brezal	m	
heather	brezo	m	
heave	empuje	m	
heaven	cielo	m	
heel	talón	m	
height	altura	f	
hell	infierno	m	
helm	timón	m	
help	ayuda	f	
hen	gallina	f	
herald	heraldo	m	
herb	hierba	f	
herbicide	herbicida	m	
herd	rebaño	m	
hereafter	más allá	m	
heritage	herencia	f	
hero	héroe	m	
heroic	heroicidad	f	
heroine	heroína	f	
herring	arenque	m	
hertz	hercio	m	
hick	paleto	m	
hide	piel	f	
hierarchy	jerarquía	f	
high	máximo	m	
highland	tierra alta	f	
highness	alteza	f	
highway	autopista	f	
hike	caminata	f	
hiking	senderismo	m	
hill	colina	f	
hindrance	obstáculo	m	
hint	indirecta	f	
hip	cadera	f	
hiss	siseo	m	
historian	historiador	m	
history	historia	f	
hobby	pasatiempo	m	
hockey	hockey	m	
hoe	azada	f	
hog	cerdo	m	
hold	agarre	m	
hole	agujero	m	
holiday	vacaciones	f	
holiness	santidad	f	
hollywood	Hollywood	m	
holocaust	holocausto	m	
holy	santidad	f	
homage	homenaje	m	
home	hogar	m	
homework	tarea	f	
homicide	homicidio	m	
honesty	honestidad	f	
honey	miel	f	
honeymoon	luna de miel	f	
honor	honor	m	
hood	capucha	f	
hoodie	sudadera con capucha	f	
hook	gancho	m	
hop	salto	m	
hope	esperanza	f	
horizon	horizonte	m	
hormone	hormona	f	
horn	cuerno	m	
horror	horror	m	
horse	caballo	m	
hose	manguera	f	
hospital	hospital	m	
hospitality	hospitalidad	f	
host	anfitrión	m	
hostage	rehén	m	
hostility	hostilidad	f	
hotel	hotel	m	
hour	hora	f	
house	casa	f	
household	hogar	m	
housekeeping	limpieza	f	
housewife	ama de casa	f	
housework	tareas domésticas	f	
housing	vivienda	f	
hue	tono	m	
hum	zumbido	m	
human	humano	m	
humanism	humanismo	m	
humanity	humanidad	f	
humility	humildad	f	
humor	humor	m	
hundred	cien	m	
hundredth	centésimo	m	
hunger	hambre	f	
hunt	cacería	f	
hunter	cazador	m	
hunting	caza	f	
hurdle	obstáculo	m	
hurricane	huracán	m	
hurt	dolor	m	
husband	esposo	m	
hydrangea	hortensia	f	
hydrogen	hidrógeno	m	
hydroxide	hidróxido	m	
hymn	himno	m	
hypocrisy	hipocresía	f	
hypothesis	hipótesis	f	
ice	hielo	m	
iceberg	iceberg	m	
idea	idea	f	
ideal	ideal	m	
identity	identidad	f	
ideology	ideología	f	
idiom	modismo	m	
idleness	ociosidad	f	
idol	ídolo	m	
ignition	ignición	f	
illness	enfermedad	f	
illumination	iluminación	f	
illusion	ilusión	f	
illustration	ilustración	f	
imagination	imaginación	f	
imitation	imitación	f	
immigration	inmigración	f	
immunity	inmunidad	f	
impact	impacto	m	
impeachment	juicio político	m	
imperative	imperativo	m	
imperfect	imperfecto	m	
imperfection	imperfección	f	
imperial	imperio	m	
impetus	ímpetu	m	
implement	implemento	m	
implication	implicación	f	
import	importación	f	
importance	importancia	f	
imposition	imposición	f	
impossibility	imposibilidad	f	
impression	impresión	f	
imprisonment	encarcelamiento	m	
improvement	mejora	f	
impulse	impulso	m	
inadequacy	insuficiencia	f	
inauguration	inauguración	f	
incarceration	encarcelamiento	m	
incentive	incentivo	m	
inch	pulgada	f	
incidence	incidencia	f	
incidental	incidental	m	
inclination	inclinación	f	
inclusion	inclusión	f	
income	ingreso	m	
inconsistency	inconsistencia	f	
inconvenience	inconveniente	m	
increase	aumento	m	
independence	independencia	f	
India	India	f	
Indian	indio	m	
indication	indicación	f	
indictment	acusación	f	
indignity	indignidad	f	
individual	individuo	m	
individuality	individualidad	f	
induction	inducción	f	
indulgence	indulgencia	f	
industry	industria	f	
inefficiency	ineficiencia	f	
inequality	desigualdad	f	
inevitable	inevitable	m	
infancy	infancia	f	
infant	bebé	m	
infantry	infantería	f	
infection	infección	f	
inference	inferencia	f	
infinite	infinito	m	
infinity	infinito	m	
inflammation	inflamación	f	
inflation	inflación	f	
influence	influencia	f	
influenza	gripe	f	
influx	afluencia	f	
information	información	f	
infrastructure	infraestructura	f	
infringement	infracción	f	
ingredient	ingrediente	m	
inhabitant	habitante	m	
inheritance	herencia	f	
initiation	iniciación	f	
initiative	iniciativa	f	
injection	inyección	f	
injury	lesión	f	
injustice	injusticia	f	
ink	tinta	f	
inn	posada	f	
inning	entrada	f	
innocence	inocencia	f	
innovation	innovación	f	
inquiry	investigación	f	
inscription	inscripción	f	
insect	insecto	m	
insecticide	insecticida	m	
insecurity	inseguridad	f	
inside	interior	m	
insolvency	insolvencia	f	
inspector	inspector	m	
inspiration	inspiración	f	
installation	instalación	f	
installment	cuota	f	
instance	instancia	f	
instant	instante	m	
instinct	instinto	m	
institute	instituto	m	
institution	institución	f	
instruction	instrucción	f	
insulator	aislante	m	
insult	insulto	m	
insurance	seguro	m	
insurgent	insurgente	m	
insurrection	insurrección	f	
intake	admisión	f	
intellect	intelecto	m	
intelligence	inteligencia	f	
intention	intención	f	
interchange	intercambio	m	
interest	interés	m	
interim	interín	m	
interior	interior	m	
interjection	interjección	f	
intermission	intermedio	m	
interpretation	interpretación	f	
interruption	interrupción	f	
intersection	intersección	f	
interview	entrevista	f	
intimacy	intimidad	f	
introduction	introducción	f	
intuition	intuición	f	
invalid	inválido	m	
invasion	invasión	f	
invention	invención	f	
inventor	inventor	m	
inventory	inventario	m	
investigation	investigación	f	
investment	inversión	f	
investor	inversor	m	
invitation	invitación	f	
invoice	factura	f	
involvement	participación	f	
ion	ion	m	
Ireland	Irlanda	f	
iris	iris	m	
Irish	irlandés	m	
iron	hierro	m	
irony	ironía	f	
irrelevance	irrelevancia	f	
irrigation	irrigación	f	
irritation	irritación	f	
islam	islam	m	
island	isla	f	
isle	isla	f	
issue	asunto	m	
Italian	italiano	m	
italic	cursiva	f	
Italy	Italia	f	
itch	picazón	f	
ivory	marfil	m	
ivy	hiedra	f	
jack	gato	m	
jacket	chaqueta	f	
jail	cárcel	f	
jam	mermelada	f	
January	enero	m	
Japan	Japón	m	
Japanese	japonés	m	
jar	tarro	m	
jaw	mandíbula	f	
jazz	jazz	m	
jealousy	celos	m	
jeans	vaqueros	m	
jelly	gelatina	f	
jellyfish	medusa	f	
jerk	tirón	m	
jesus	Jesús	m	
jewel	joya	f	
jewelry	joyería	f	
job	trabajo	m	
jock	deportista	m	
jogging	trote	m	
john	Juan	m	
jot	apunte	m	
journal	diario	m	
journalism	periodismo	m	
journalist	periodista	m	
journey	viaje	m	
joy	alegría	f	
judge	juez	m	
judgement	juicio	m	
judgment	juicio	m	
judiciary	judicatura	f	
jug	jarra	f	
juice	jugo	m	
July	julio	m	
jump	salto	m	
jumper	jersey	m	
junction	cruce	m	
June	junio	m	
jungle	selva	f	
junior	júnior	m	
jupiter	Júpiter	m	
jurisdiction	jurisdicción	f	
juror	jurado	m	
jury	jurado	m	
justice	justicia	f	
kangaroo	canguro	m	
keep	torreón	m	
kernel	grano	m	
ketchup	kétchup	m	
kettle	tetera	f	
key	llave	f	
keynote	discurso principal	m	
kick	patada	f	
kid	niño	m	
kidney	riñón	m	
kill	matanza	f	
kilometer	kilómetro	m	
kimchi	kimchi	m	
kind	tipo	m	
kindness	amabilidad	f	
king	rey	m	
kingdom	reino	m	
kinship	parentesco	m	
kit	equipo	m	
kitchen	cocina	f	
kite	cometa	f	
kitten	gatito	m	
kitty	gatito	m	
klutz	torpe	m	
knee	rodilla	f	
knife	cuchillo	m	
knight	caballero	m	
knitting	tejido	m	
knockoff	imitación	f	
knot	nudo	m	
knuckle	nudillo	m	
koala	koala	m	
Korea	Corea	f	
Korean	coreano	m	
label	etiqueta	f	
labor	trabajo	m	
laboratory	laboratorio	m	
lace	encaje	m	
lack	falta	f	
ladder	escalera	f	
lady	dama	f	
lake	lago	m	
lamb	cordero	m	
lance	lanza	f	
land	tierra	f	
landing	aterrizaje	m	
landmine	mina terrestre	f	
landscape	paisaje	m	
lane	carril	m	
language	idioma	m	
lap	regazo	m	
lash	latigazo	m	
last	último	m	
latest	novedad	f	
latin	latín	m	
latitude	latitud	f	
laugh	risa	f	
launch	lanzamiento	m	
laundry	ropa	f	
laurel	laurel	m	
lavender	lavanda	f	
law	ley	f	
lawsuit	demanda	f	
lawyer	abogado	m	
layoff	despido	m	
layout	diseño	m	
lead	ventaja	f	
leader	líder	m	
leadership	liderazgo	m	
leaf	hoja	f	
leak	fuga	f	
lean	inclinación	f	
lease	arrendamiento	m	
leather	cuero	m	
leave	permiso	m	
lecture	conferencia	f	
ledge	saliente	m	
left	izquierda	f	
leftover	sobra	f	
leg	pierna	f	
legality	legalidad	f	
legalization	legalización	f	
legend	leyenda	f	
legion	legión	f	
legislation	legislación	f	
leisure	ocio	m	
lemon	limón	m	
lemonade	limonada	f	
length	longitud	f	
leopard	leopardo	m	
lesson	lección	f	
letter	carta	f	
lettuce	lechuga	f	
level	nivel	m	
liability	responsabilidad	f	
liaison	enlace	m	
liar	mentiroso	m	
liberalization	liberalización	f	
liberty	libertad	f	
library	biblioteca	f	
license	licencia	f	
lick	lametón	m	
licorice	regaliz	m	
lid	tapa	f	
lie	mentira	f	
lieutenant	teniente	m	
life	vida	f	
lift	elevación	f	
light	luz	f	
lightning	rayo	m	
like	semejanza	f	
likeness	semejanza	f	
lilac	lila	f	
lily	lirio	m	
limb	extremidad	f	
lime	lima	f	
limit	límite	m	
limitation	limitación	f	
limp	cojera	f	
line	línea	f	
lining	forro	m	
link	enlace	m	
lion	león	m	
lip	labio	m	
lipstick	lápiz labial	m	
liquid	líquido	m	
liquor	licor	m	
list	lista	f	
listener	oyente	m	
literature	literatura	f	
litigation	litigio	m	
litter	basura	f	
liver	hígado	m	
livestock	ganado	m	
lizard	lagarto	m	
llama	llama	f	
load	carga	f	
loaf	hogaza	f	
loan	préstamo	m	
lobster	langosta	f	
local	local	m	
locality	localidad	f	
location	ubicación	f	
lock	cerradura	f	
locker	casillero	m	
locust	langosta	f	
logistics	logística	f	
London	Londres	m	
longevity	longevidad	f	
look	mirada	f	
lookout	mirador	m	
loom	telar	m	
loophole	laguna	f	
lord	señor	m	
loser	perdedor	m	
loss	pérdida	f	
lot	lote	m	
lottery	lotería	f	
lotus	loto	m	
lounge	salón	m	
love	amor	m	
lover	amante	m	
low	mínimo	m	
loyalty	lealtad	f	
luck	suerte	f	
luggage	equipaje	m	
lull	pausa	f	
lumber	madera	f	
lump	bulto	m	
lunch	almuerzo	m	
lunchtime	almuerzo	m	
lung	pulmón	m	
lure	señuelo	m	
luxury	lujo	m	
lynx	lince	m	
lyric	letra	f	
machine	máquina	f	
macroeconomics	macroeconomía	f	
mad	loco	m	
madam	señora	f	
madness	locura	f	
magazine	revista	f	
magic	magia	f	
magician	mago	m	
magistrate	magistrado	m	
magnesium	magnesio	m	
magnet	imán	m	
magnetism	magnetismo	m	
magnolia	magnolia	f	
maid	criada	f	
mail	correo	m	
main	tubería	f	
mainstream	corriente	f	
majesty	majestad	f	
major	especialidad	f	
majority	mayoría	f	
maker	fabricante	m	
makeup	maquillaje	m	
mall	centro	m	
malt	malta	f	
mammal	mamífero	m	
mammoth	mamut	m	
man	hombre	m	
management	gestión	f	
manager	gerente	m	
mandate	mandato	m	
mango	mango	m	
mania	manía	f	
manifestation	manifestación	f	
mankind	humanidad	f	
manner	manera	f	
manufacture	fabricación	f	
manure	estiércol	m	
map	mapa	m	
maple	arce	m	
marathon	maratón	m	
marble	mármol	m	
March	marzo	m	
mare	yegua	f	
margin	margen	m	
marine	marino	m	
mark	marca	f	
market	mercado	m	
marketing	marketing	m	
marketplace	mercado	m	
maroon	granate	m	
marriage	matrimonio	m	
marrow	médula	f	
Mars	Marte	m	
marsh	pantano	m	
marvel	maravilla	f	
Maryland	Maryland	m	
masculine	masculino	m	
mask	máscara	f	
mass	misa	f	
massage	masaje	m	
master	maestro	m	
masterpiece	obra maestra	f	
mastery	maestría	f	
mat	estera	f	
match	partido	m	
material	material	m	
math	matemática	f	
mathematics	matemáticas	f	
matter	asunto	m	
May	mayo	m	
mayor	alcalde	m	
maze	laberinto	m	
meadow	pradera	f	
meal	comida	f	
meaning	significado	m	
means	medio	m	
meantime	ínterin	m	
measure	medida	f	
measurement	medición	f	
meat	carne	f	
mechanics	mecánica	f	
medal	medalla	f	
media	medios	m	
mediation	mediación	f	
medic	médico	m	
medication	medicamento	m	
medicine	medicina	f	
meditation	meditación	f	
meeting	reunión	f	
melody	melodía	f	
melon	melón	m	
member	miembro	m	
membership	membresía	f	
membrane	membrana	f	
memorandum	memorándum	m	
memorial	memorial	m	
memory	memoria	f	
menace	amenaza	f	
mentality	mentalidad	f	
mention	mención	f	
mentor	mentor	m	
menu	menú	m	
merchandise	mercancía	f	
merchant	comerciante	m	
mercury	mercurio	m	
mercy	misericordia	f	
merger	fusión	f	
merit	mérito	m	
merlion	merlión	m	
mesh	malla	f	
mess	desorden	m	
messenger	mensajero	m	
metal	metal	m	
meteor	meteoro	m	
meter	medidor	m	
method	método	m	
metropolis	metrópolis	f	
Mexico	México	m	
michigan	Míchigan	m	
microbiology	microbiología	f	
microeconomics	microeconomía	f	
microorganism	microorganismo	m	
microscope	microscopio	m	
middle	medio	m	
midnight	medianoche	f	
midst	medio	m	
midway	punto medio	m	
migration	migración	f	
mile	milla	f	
mileage	kilometraje	m	
milieu	entorno	m	
military	militar	m	
milk	leche	f	
mill	molino	m	
millennium	milenio	m	
million	millón	m	
millionth	millonésimo	m	
mind	mente	f	
mine	mina	f	
mineral	mineral	m	
miniature	miniatura	f	
mining	minería	f	
minister	ministro	m	
ministry	ministerio	m	
mink	visón	m	
minor	menor	m	
minority	minoría	f	
mint	menta	f	
minute	minuto	m	
miracle	milagro	m	
mirror	espejo	m	
mischief	travesura	f	
misdemeanor	delito menor	m	
misery	miseria	f	
misfortune	desgracia	f	
miss	fallo	m	
missile	misil	m	
missionary	misionero	m	
mississippi	Misisipi	m	
missouri	Misuri	m	
mist	niebla	f	
mistake	error	m	
mister	señor	m	
mitosis	mitosis	f	
mitt	manopla	f	
mix	mezcla	f	
mixer	batidora	f	
mixture	mezcla	f	
moai	moái	m	
moan	gemido	m	
mob	turba	f	
mobile	móvil	m	
mockery	burla	f	
model	modelo	m	
moderation	moderación	f	
modernism	modernismo	m	
modesty	modestia	f	
molecule	molécula	f	
mom	mamá	f	
moment	momento	m	
momentum	impulso	m	
monarchy	monarquía	f	
Monday	lunes	m	
money	dinero	m	
monk	monje	m	
monkey	mono	m	
monologue	monólogo	m	
monopoly	monopolio	m	
monotone	monotonía	f	
monster	monstruo	m	
montana	Montana	m	
montmartre	Montmartre	m	
monument	monumento	m	
mood	humor	m	
moon	luna	f	
moonlight	luz de luna	f	
mop	trapeador	m	
moral	moraleja	f	
morality	moralidad	f	
morning	mañana	f	
mortality	mortalidad	f	
mortgage	hipoteca	f	
mosaic	mosaico	m	
mosque	mezquita	f	
moss	musgo	m	
moth	polilla	f	
mother	madre	f	
motion	movimiento	m	
motivation	motivación	f	
mount	soporte	m	
mountain	montaña	f	
mouse	ratón	m	
mouth	boca	f	
mouthful	bocado	m	
movement	movimiento	m	
movie	película	f	
mr	señor	m	
mrs	señora	f	
ms	señorita	f	
mule	mula	f	
multitude	multitud	f	
murder	asesinato	m	
murderer	asesino	m	
muscle	músculo	m	
muse	musa	f	
museum	museo	m	
mushroom	hongo	m	
music	música	f	
musical	musical	m	
musician	músico	m	
muskrat	rata almizclera	f	
muslim	musulmán	m	
mustard	mostaza	f	
mutation	mutación	f	
mutter	murmullo	m	
mystery	misterio	m	
myth	mito	m	
mythology	mitología	f	
naan	naan	m	
nail	clavo	m	
name	nombre	m	
nap	siesta	f	
narration	narración	f	
narrative	narrativa	f	
nation	nación	f	
nationalism	nacionalismo	m	
nationalist	nacionalista	m	
nationality	nacionalidad	f	
nationalization	nacionalización	f	
nature	naturaleza	f	
nausea	náusea	f	
navy	armada	f	
necessity	necesidad	f	
neck	cuello	m	
need	necesidad	f	
needle	aguja	f	
negotiation	negociación	f	
neighbor	vecino	m	
neighborhood	vecindario	m	
neon	neón	m	
neptune	Neptuno	m	
nerd	nerd	m	
nerve	nervio	m	
nest	nido	m	
net	red	f	
network	red	f	
neuron	neurona	f	
neutral	neutral	m	
neutron	neutrón	m	
newbie	novato	m	
news	noticia	f	
newspaper	periódico	m	
niche	nicho	m	
nick	muesca	f	
nickel	níquel	m	
night	noche	f	
nightingale	ruiseñor	m	
nightmare	pesadilla	f	
nikujaga	nikujaga	m	
nine	nueve	m	
nineteen	diecinueve	m	
nineteenth	decimonoveno	m	
ninetieth	nonagésimo	m	
ninety	noventa	m	
ninth	noveno	m	
nip	pellizco	m	
nitrogen	nitrógeno	m	
no	no	m	
nobility	nobleza	f	
noise	ruido	m	
nomination	nominación	f	
nonsense	disparate	m	
noodle	fideo	m	
noon	mediodía	m	
norm	norma	f	
normal	normalidad	f	
north	norte	m	
northeast	nordeste	m	
northward	dirección norte	f	
northwest	noroeste	m	
nose	nariz	f	
note	nota	f	
notebook	cuaderno	m	
nothing	nada	f	
notice	aviso	m	
notion	noción	f	
novelist	novelista	m	
novelty	novedad	f	
November	noviembre	m	
nucleus	núcleo	m	
nude	desnudo	m	
number	número	m	
numeral	numeral	m	
nun	monja	f	
nurse	enfermera	f	
nut	nuez	f	
nutria	nutria	f	
nutrient	nutriente	m	
nutrition	nutrición	f	
nylon	nailon	m	
oak	roble	m	
oasis	oasis	m	
oat	avena	f	
obedience	obediencia	f	
objection	objeción	f	
obligation	obligación	f	
obscurity	oscuridad	f	
observance	observancia	f	
observation	observación	f	
observer	observador	m	
obsession	obsesión	f	
obstruction	obstrucción	f	
occasion	ocasión	f	
occupation	ocupación	f	
occurrence	ocurrencia	f	
ocean	océano	m	
October	octubre	m	
octopus	pulpo	m	
odd	impar	m	
oddity	rareza	f	
odds	probabilidades	f	
odor	olor	m	
off	apagado	m	
offense	delito	m	
offensive	ofensiva	f	
offer	oferta	f	
offering	ofrenda	f	
office	oficina	f	
officer	oficial	m	
official	funcionario	m	
oil	aceite	m	
okra	quingombó	m	
okroshka	okroshka	f	
old-timer	veterano	m	
olive	aceituna	f	
omelet	tortilla	f	
omission	omisión	f	
on	encendido	m	
one	uno	m	
onion	cebolla	f	
onset	inicio	m	
opera	ópera	f	
operation	operación	f	
operator	operador	m	
opinion	opinión	f	
opponent	oponente	m	
opposition	oposición	f	
oppression	opresión	f	
optics	óptica	f	
option	opción	f	
orange	naranja	f	
orbit	órbita	f	
orchard	huerto	m	
orchestra	orquesta	f	
orchid	orquídea	f	
ordeal	calvario	m	
order	orden	f	
ordinance	ordenanza	f	
ordinary	ordinario	m	
organ	órgano	m	
organism	organismo	m	
organization	organización	f	
orient	oriente	m	
orientation	orientación	f	
origin	origen	m	
original	original	m	
ornament	ornamento	m	
ostrich	avestruz	m	
ounce	onza	f	
out	salida	f	
outbreak	brote	m	
outcry	clamor	m	
outfit	atuendo	m	
outlay	desembolso	m	
outlet	toma	f	
output	producción	f	
outrage	indignación	f	
outset	comienzo	m	
outside	exterior	m	
overall	conjunto	m	
overcoat	abrigo	m	
overdraft	sobregiro	m	
overflow	desbordamiento	m	
overhead	gastos generales	m	
oversight	supervisión	f	
overtime	horas extras	f	
overture	obertura	f	
owner	dueño	m	
oxygen	oxígeno	m	
oyster	ostra	f	
pace	paso	m	
pacific	Pacífico	m	
pack	paquete	m	
packing	embalaje	m	
pact	pacto	m	
pad	almohadilla	f	
paddle	paleta	f	
page	página	f	
pageant	espectáculo	m	
pail	cubo	m	
pain	dolor	m	
paint	pintura	f	
painter	pintor	m	
painting	pintura	f	
pair	par	m	
pajama	pijama	m	
pal	amigo	m	
palace	palacio	m	
pale	palidez	f	
palm	palma	f	
pan	sartén	f	
pancake	panqueque	m	
panda	panda	m	
panel	panel	m	
pang	punzada	f	
panic	pánico	m	
pansy	pensamiento	m	
pantheon	panteón	m	
panther	pantera	f	
pants	pantalones	m	
paper	papel	m	
paperwork	papeleo	m	
par	par	m	
paradise	paraíso	m	
paradox	paradoja	f	
paralysis	parálisis	f	
parcel	paquete	m	
pardon	perdón	m	
parent	padre	m	
park	parque	m	
parliament	parlamento	m	
parody	parodia	f	
parsley	perejil	m	
part	parte	f	
parthenon	Partenón	m	
particle	partícula	f	
particular	detalle	m	
partition	tabique	m	
partner	socio	m	
partnership	asociación	f	
party	fiesta	f	
pass	paso	m	
passage	pasaje	m	
passenger	pasajero	m	
passion	pasión	f	
passive	pasivo	m	
passport	pasaporte	m	
past	pasado	m	
pasta	pasta	f	
pastel	pastel	m	
pastime	pasatiempo	m	
pastry	pastelería	f	
pasture	pasto	m	
pat	palmadita	f	
path	sendero	m	
patience	paciencia	f	
patient	paciente	m	
patriot	patriota	m	
patriotism	patriotismo	m	
patrol	patrulla	f	
patronage	patrocinio	m	
pawn	peón	m	
pay	paga	f	
paycheck	cheque de pago	m	
payday	día de pago	m	
payment	pago	m	
payoff	soborno	m	
payroll	nómina	f	
paystub	recibo de pago	m	
pea	guisante	m	
peace	paz	f	
peach	melocotón	m	
peacock	pavo real	m	
peanut	cacahuete	m	
pear	pera	f	
pearl	perla	f	
peat	turba	f	
peck	picotazo	m	
peculiarity	peculiaridad	f	
pedestrian	peatón	m	
peek	vistazo	m	
peep	ojeada	f	
peg	clavija	f	
pelmeni	pelmeni	m	
pen	bolígrafo	m	
penalty	penalización	f	
pence	peniques	m	
pencil	lápiz	m	
pendant	colgante	m	
penguin	pingüino	m	
peninsula	península	f	
pennsylvania	pensilvania	f	
penny	centavo	m	
pension	pensión	f	
people	gente	f	
pepper	pimienta	f	
percent	porcentaje	m	
percentage	porcentaje	m	
perception	percepción	f	
perch	percha	f	
perfection	perfección	f	
performance	desempeño	m	
perfume	perfume	m	
period	período	m	
perjury	perjurio	m	
permission	permiso	m	
perseverance	perseverancia	f	
person	persona	f	
persona	personaje	m	
personality	personalidad	f	
personnel	personal	m	
perspective	perspectiva	f	
persuasion	persuasión	f	
pest	plaga	f	
pesticide	pesticida	m	
pet	mascota	f	
phantom	fantasma	m	
pharmacy	farmacia	f	
philosopher	filósofo	m	
philosophy	filosofía	f	
pho	pho	m	
phoenix	fénix	m	
phone	teléfono	m	
photo	foto	f	
photograph	fotografía	f	
photographer	fotógrafo	m	
photography	fotografía	f	
photon	fotón	m	
photosynthesis	fotosíntesis	f	
physician	médico	m	
physicist	físico	m	
physics	física	f	
pi	pi	f	
pianist	pianista	m	
piano	piano	m	
pick	elección	f	
pickle	pepinillo	m	
pickup	camioneta	f	
picnic	picnic	m	
picture	imagen	f	
pie	pastel	m	
piece	pieza	f	
piety	piedad	f	
pig	cerdo	m	
pigeon	paloma	f	
pigment	pigmento	m	
pilgrim	peregrino	m	
pill	píldora	f	
pilot	piloto	m	
pin	alfiler	m	
pinch	pizca	f	
pine	pino	m	
pineapple	piña	f	
pink	rosa	m	
pioneer	pionero	m	
pipe	tubería	f	
pirozhki	pirozhki	m	
pit	foso	m	
pitch	tono	m	
pitcher	jarra	f	
pitchfork	horca	f	
pity	lástima	f	
pizza	pizza	f	
place	lugar	m	
placement	colocación	f	
plague	plaga	f	
plaintiff	demandante	m	
plan	plan	m	
plane	avión	m	
planet	planeta	m	
planning	planificación	f	
plant	planta	f	
plantation	plantación	f	
planting	plantación	f	
plaque	placa	f	
plaster	yeso	m	
plastic	plástico	m	
plate	plato	m	
plateau	meseta	f	
platform	plataforma	f	
platoon	pelotón	m	
play	obra	f	
player	jugador	m	
playground	patio de recreo	m	
plea	súplica	f	
pleasure	placer	m	
pledge	promesa	f	
plot	parcela	f	
plow	arado	m	
pluck	coraje	m	
plum	ciruela	f	
plump	gordura	f	
plunge	zambullida	f	
plural	plural	m	
pluto	Plutón	m	
pneumonia	neumonía	f	
pocket	bolsillo	m	
pocketbook	bolso	m	
poem	poema	m	
poet	poeta	m	
poetry	poesía	f	
point	punto	m	
pointer	puntero	m	
poison	veneno	m	
pole	poste	m	
police	policía	f	
policeman	policía	m	
policy	política	f	
Polish	polaco	m	
politician	político	m	
politics	política	f	
poll	encuesta	f	
pollen	polen	m	
pollution	contaminación	f	
pond	estanque	m	
pony	poni	m	
pool	piscina	f	
pop	pop	m	
popcorn	palomitas	f	
pope	papa	m	
popularity	popularidad	f	
population	población	f	
pork	cerdo	m	
port	puerto	m	
portion	porción	f	
position	posición	f	
positive	positivo	m	
possession	posesión	f	
possibility	posibilidad	f	
post	puesto	m	
posture	postura	f	
pot	olla	f	
potassium	potasio	m	
potato	papa	f	
potentiality	potencialidad	f	
potluck	comida compartida	f	
potter	alfarero	m	
pottery	cerámica	f	
poultry	aves de corral	f	
pound	libra	f	
poverty	pobreza	f	
powder	polvo	m	
power	poder	m	
practice	práctica	f	
prairie	pradera	f	
praise	elogio	m	
prawn	langostino	m	
prayer	oración	f	
preacher	predicador	m	
precaution	precaución	f	
precedent	precedente	m	
precious	preciosidad	f	
precipitation	precipitación	f	
prediction	predicción	f	
prefecture	prefectura	f	
preference	preferencia	f	
pregnancy	embarazo	m	
prejudice	prejuicio	m	
prelude	preludio	m	
premier	primer ministro	m	
premise	premisa	f	
premium	prima	f	
preoccupation	preocupación	f	
preparation	preparación	f	
prescription	receta	f	
presence	presencia	f	
present	presente	m	
presentation	presentación	f	
preservative	conservante	m	
preserve	conserva	f	
presidency	presidencia	f	
president	presidente	m	
press	prensa	f	
pressure	presión	f	
prestige	prestigio	m	
presumption	presunción	f	
pretense	pretensión	f	
pretension	pretensión	f	
prey	presa	f	
price	precio	m	
pricing	fijación de precios	f	
pride	orgullo	m	
priest	sacerdote	m	
prime	apogeo	m	
prince	príncipe	m	
princess	princesa	f	
principal	director	m	
principle	principio	m	
print	impresión	f	
prior	prior	m	
priority	prioridad	f	
prison	prisión	f	
private	soldado raso	m	
privatization	privatización	f	
privilege	privilegio	m	
prize	premio	m	
probability	probabilidad	f	
probation	libertad condicional	f	
problem	problema	m	
procedure	procedimiento	m	
proceeding	procedimiento	m	
process	proceso	m	
procession	procesión	f	
procurement	adquisición	f	
produce	productos agrícolas	m	
producer	productor	m	
production	producción	f	
productivity	productividad	f	
profession	profesión	f	
professor	profesor	m	
profit	ganancia	f	
profitability	rentabilidad	f	
program	programa	m	
progress	progreso	m	
progression	progresión	f	
prohibition	prohibición	f	
project	proyecto	m	
projection	proyección	f	
prominence	prominencia	f	
promise	promesa	f	
promotion	promoción	f	
pronunciation	pronunciación	f	
proof	prueba	f	
propaganda	propaganda	f	
property	propiedad	f	
prophecy	profecía	f	
proportion	proporción	f	
proposal	propuesta	f	
proposition	proposición	f	
propriety	corrección	f	
prose	prosa	f	
prosecution	acusación	f	
prosecutor	fiscal	m	
prospect	perspectiva	f	
prosperity	prosperidad	f	
protection	protección	f	
protectionism	proteccionismo	m	
protector	protector	m	
protein	proteína	f	
protest	protesta	f	
protestant	protestante	m	
protocol	protocolo	m	
proton	protón	m	
proverb	proverbio	m	
providence	providencia	f	
province	provincia	f	
provision	provisión	f	
prowl	merodeo	m	
proxy	apoderado	m	
prune	ciruela pasa	f	
psyche	psique	f	
psychology	psicología	f	
public	público	m	
publication	publicación	f	
pudding	pudín	m	
puddle	charco	m	
puff	bocanada	f	
pull	tirón	m	
pulp	pulpa	f	
pulpit	púlpito	m	
pulse	pulso	m	
pump	bomba	f	
pumpkin	calabaza	f	
punch	puñetazo	m	
puncture	pinchazo	m	
punishment	castigo	m	
punk	punk	m	
pupil	alumno	m	
puppy	cachorro	m	
purchase	compra	f	
purity	pureza	f	
purple	púrpura	m	
purpose	propósito	m	
purse	bolso	m	
pursuit	persecución	f	
push	empujón	m	
puzzle	rompecabezas	m	
qualification	calificación	f	
quality	calidad	f	
quantity	cantidad	f	
quarrel	pelea	f	
quarry	cantera	f	
quarter	trimestre	m	
queen	reina	f	
query	consulta	f	
question	pregunta	f	
questionnaire	cuestionario	m	
quiz	cuestionario	m	
quota	cuota	f	
quotation	cita	f	
rabbit	conejo	m	
raccoon	mapache	m	
race	carrera	f	
racism	racismo	m	
rack	estante	m	
racket	raqueta	f	
radar	radar	m	
radiation	radiación	f	
radio	radio	f	
radioactivity	radiactividad	f	
radish	rábano	m	
raft	balsa	f	
rag	trapo	m	
rage	rabia	f	
rail	riel	m	
railway	ferrocarril	m	
rain	lluvia	f	
rainbow	arcoíris	m	
rainfall	precipitación	f	
raise	aumento	m	
raisin	pasa	f	
rake	rastrillo	m	
rally	manifestación	f	
ram	carnero	m	
ranch	rancho	m	
range	rango	m	
rank	rango	m	
ransom	rescate	m	
rap	rap	m	
rarity	rareza	f	
rash	sarpullido	m	
raspberry	frambuesa	f	
rat	rata	f	
rate	tasa	f	
ratio	proporción	f	
ration	ración	f	
rationale	justificación	f	
rattle	sonajero	m	
ravage	estrago	m	
raven	cuervo	m	
ray	rayo	m	
re	re	m	
reach	alcance	m	
reaction	reacción	f	
reader	lector	m	
readiness	preparación	f	
reading	lectura	f	
ready	disposición	f	
real	real	m	
reality	realidad	f	
realization	realización	f	
rear	parte trasera	f	
reason	razón	f	
rebate	reembolso	m	
rebellion	rebelión	f	
recall	recuerdo	m	
receipt	recibo	m	
receiver	receptor	m	
reception	recepción	f	
receptor	receptor	m	
recess	receso	m	
recession	recesión	f	
recitation	recitación	f	
recognition	reconocimiento	m	
recollection	recuerdo	m	
recommendation	recomendación	f	
reconnaissance	reconocimiento	m	
reconstruction	reconstrucción	f	
record	registro	m	
recourse	recurso	m	
recovery	recuperación	f	
recreation	recreación	f	
red	rojo	m	
reduction	reducción	f	
redundancy	redundancia	f	
redwood	secoya	f	
reed	junco	m	
reference	referencia	f	
refinement	refinamiento	m	
reflection	reflejo	m	
reflex	reflejo	m	
reform	reforma	f	
refraction	refracción	f	
refreshment	refrigerio	m	
refuge	refugio	m	
refugee	refugiado	m	
refusal	negativa	f	
regard	consideración	f	
regime	régimen	m	
regiment	regimiento	m	
region	región	f	
register	registro	m	
registration	registro	m	
registry	registro	m	
regret	arrepentimiento	m	
regulation	regulación	f	
rehabilitation	rehabilitación	f	
rehearsal	ensayo	m	
reign	reinado	m	
reimbursement	reembolso	m	
reindeer	reno	m	
reinforcement	refuerzo	m	
rejection	rechazo	m	
relation	relación	f	
relationship	relación	f	
relative	pariente	m	
relaxation	relajación	f	
relay	relevo	m	
release	liberación	f	
reliance	dependencia	f	
relic	reliquia	f	
relief	alivio	m	
religion	religión	f	
relish	deleite	m	
relocation	reubicación	f	
remain	resto	m	
remainder	resto	m	
remark	comentario	m	
remedy	remedio	m	
remembrance	recuerdo	m	
reminiscence	reminiscencia	f	
remnant	remanente	m	
remuneration	remuneración	f	
Renaissance	Renacimiento	m	
rendezvous	cita	f	
renewal	renovación	f	
renown	renombre	m	
rental	alquiler	m	
repair	reparación	f	
repayment	reembolso	m	
repetition	repetición	f	
replacement	reemplazo	m	
reply	respuesta	f	
report	informe	m	
reporter	reportero	m	
repose	reposo	m	
representation	representación	f	
representative	representante	m	
repression	represión	f	
reproach	reproche	m	
reproduction	reproducción	f	
reptile	reptil	m	
republic	república	f	
republican	republicano	m	
reputation	reputación	f	
request	solicitud	f	
rescue	rescate	m	
research	investigación	f	
resemblance	parecido	m	
reservation	reserva	f	
reserve	reserva	f	
residence	residencia	f	
resident	residente	m	
resignation	renuncia	f	
resistance	resistencia	f	
resolution	resolución	f	
resolve	resolución	f	
resonance	resonancia	f	
resort	complejo turístico	m	
resource	recurso	m	
respect	respeto	m	
response	respuesta	f	
responsibility	responsabilidad	f	
rest	descanso	m	
restaurant	restaurante	m	
restoration	restauración	f	
restraint	restricción	f	
restriction	restricción	f	
restructuring	reestructuración	f	
result	resultado	m	
resume	currículum	m	
resurrection	resurrección	f	
retail	venta al por menor	f	
retailer	minorista	m	
rethink	reconsideración	f	
retirement	jubilación	f	
retreat	retirada	f	
retrial	nuevo juicio	m	
return	regreso	m	
reunion	reunión	f	
revelation	revelación	f	
revenge	venganza	f	
revenue	ingreso	m	
reverence	reverencia	f	
reverse	reverso	m	
review	reseña	f	
revision	revisión	f	
revival	renacimiento	m	
revolt	revuelta	f	
revolution	revolución	f	
reward	recompensa	f	
rhea	ñandú	m	
rhyme	rima	f	
rhythm	ritmo	m	
ribbon	cinta	f	
rice	arroz	m	
riches	riquezas	f	
riddle	acertijo	m	
ride	paseo	m	
ridge	cresta	f	
rifle	rifle	m	
rig	plataforma	f	
right	derecho	m	
rigor	rigor	m	
ring	anillo	m	
rinse	enjuague	m	
riot	disturbio	m	
ripple	onda	f	
rise	subida	f	
risk	riesgo	m	
rite	rito	m	
ritual	ritual	m	
rival	rival	m	
river	río	m	
riverside	ribera	f	
road	carretera	f	
roadside	borde de carretera	m	
roast	asado	m	
robber	ladrón	m	
robbery	robo	m	
robe	túnica	f	
robin	petirrojo	m	
rock	roca	f	
rocket	cohete	m	
rod	vara	f	
role	papel	m	
roll	rollo	m	
roman	romano	m	
romance	romance	m	
roof	techo	m	
room	habitación	f	
root	raíz	f	
rope	cuerda	f	
rose	rosa	f	
rot	podredumbre	f	
roti	roti	m	
rouge	colorete	m	
row	fila	f	
royalty	realeza	f	
rub	frotamiento	m	
rubber	goma	f	
ruby	rubí	m	
rugby	rugby	m	
ruin	ruina	f	
rule	regla	f	
ruler	gobernante	m	
ruling	fallo	m	
rumble	estruendo	m	
run	carrera	f	
runner	corredor	m	
rupture	ruptura	f	
rush	prisa	f	
Russian	ruso	m	
rustle	crujido	m	
rye	centeno	m	
sack	saco	m	
sacrifice	sacrificio	m	
saddle	silla	f	
sadness	tristeza	f	
safety	seguridad	f	
sage	salvia	f	
sail	vela	f	
sailing	navegación	f	
sailor	marinero	m	
saint	santo	m	
sake	propósito	m	
salad	ensalada	f	
salary	salario	m	
sale	venta	f	
sales	ventas	f	
salesman	vendedor	m	
salmon	salmón	m	
salon	salón	m	
salt	sal	f	
salvation	salvación	f	
samosa	samosa	f	
samurai	samurái	m	
sanction	sanción	f	
sanctuary	santuario	m	
sand	arena	f	
sandal	sandalia	f	
sandwich	sándwich	m	
sandy	arenal	m	
sap	savia	f	
sapphire	zafiro	m	
sarcasm	sarcasmo	m	
sardine	sardina	f	
satellite	satélite	m	
satire	sátira	f	
satisfaction	satisfacción	f	
Saturday	sábado	m	
saturn	saturno	m	
sauce	salsa	f	
sausage	salchicha	f	
saving	ahorro	m	
savior	salvador	m	
savor	sabor	m	
say	opinión	f	
scale	escala	f	
scan	escaneo	m	
scandal	escándalo	m	
scar	cicatriz	f	
scarcity	escasez	f	
scare	susto	m	
scarf	bufanda	f	
scatter	dispersión	f	
scenario	escenario	m	
scene	escena	f	
scent	aroma	m	
schedule	horario	m	
scheme	esquema	m	
scholar	erudito	m	
scholarship	beca	f	
school	escuela	f	
schooling	escolaridad	f	
science	ciencia	f	
scientist	científico	m	
scissor	tijera	f	
scope	alcance	m	
scorch	quemadura	f	
score	puntuación	f	
scorn	desprecio	m	
Scotland	Escocia	f	
scout	explorador	m	
scramble	pelea	f	
scrap	chatarra	f	
scratch	rasguño	m	
scrawl	garabato	m	
scream	grito	m	
screen	pantalla	f	
screening	proyección	f	
screw	tornillo	m	
screwdriver	destornillador	m	
scribble	garabato	m	
script	guion	m	
scripture	escritura	f	
scrub	fregado	m	
scrutiny	escrutinio	m	
sculpture	escultura	f	
scurry	carrera	f	
scythe	guadaña	f	
sea	mar	m	
seafood	mariscos	m	
seal	foca	f	
seashore	orilla del mar	f	
seaside	costa	f	
season	estación	f	
seasoning	condimento	m	
seat	asiento	m	
seaweed	alga	f	
second	segundo	m	
secret	secreto	m	
secretary	secretario	m	
sect	secta	f	
section	sección	f	
security	seguridad	f	
sediment	sedimento	m	
seed	semilla	f	
segment	segmento	m	
seizure	incautación	f	
selection	selección	f	
self	yo	m	
self-employment	autoempleo	m	
semblance	semblanza	f	
semester	semestre	m	
semiconductor	semiconductor	m	
semifinal	semifinal	f	
seminar	seminario	m	
senate	senado	m	
senator	senador	m	
sensation	sensación	f	
sense	sentido	m	
sensibility	sensibilidad	f	
sentence	oración	f	
sentiment	sentimiento	m	
separation	separación	f	
September	septiembre	m	
sequence	secuencia	f	
sergeant	sargento	m	
series	serie	f	
seriousness	seriedad	f	
sermon	sermón	m	
serpent	serpiente	f	
servant	sirviente	m	
service	servicio	m	
serviceman	militar	m	
sesame	sésamo	m	
session	sesión	f	
set	conjunto	m	
settlement	asentamiento	m	
seven	siete	m	
seventeen	diecisiete	m	
seventeenth	decimoséptimo	m	
seventh	séptimo	m	
seventy	setenta	m	
severity	severidad	f	
sewing	costura	f	
sex	sexo	m	
shade	sombra	f	
shadow	sombra	f	
shaft	eje	m	
shake	batido	m	
shame	vergüenza	f	
shampoo	champú	m	
shape	forma	f	
share	parte	f	
shareholder	accionista	m	
shark	tiburón	m	
shatter	rotura	f	
shave	afeitado	m	
shchi	shchi	m	
shear	cizalla	f	
sheep	oveja	f	
sheet	sábana	f	
shell	concha	f	
shellfish	marisco	m	
shelter	refugio	m	
shepherd	pastor	m	
sherbet	sorbete	m	
sherry	jerez	m	
shield	escudo	m	
shine	brillo	m	
ship	barco	m	
shipment	envío	m	
shipwreck	naufragio	m	
shirt	camisa	f	
shiver	escalofrío	m	
shock	choque	m	
shoe	zapato	m	
shop	tienda	f	
shopping	compras	f	
shore	orilla	f	
shoulder	hombro	m	
shovel	pala	f	
show	espectáculo	m	
shower	ducha	f	
shred	trozo	m	
shrimp	camarón	m	
shrine	santuario	m	
shrub	arbusto	m	
shudder	escalofrío	m	
shuffle	arrastre	m	
shuttle	transporte	m	
sickle	hoz	f	
sickness	enfermedad	f	
side	lado	m	
sideboard	aparador	m	
siege	asedio	m	
sight	vista	f	
sightseeing	turismo	m	
sign	señal	f	
signal	señal	f	
signature	firma	f	
silence	silencio	m	
silk	seda	f	
silver	plata	f	
similarity	similitud	f	
simmer	cocción	f	
sin	pecado	m	
sincerity	sinceridad	f	
singer	cantante	m	
sink	fregadero	m	
sir	señor	m	
sister	hermana	f	
site	sitio	m	
six	seis	m	
sixteen	dieciséis	m	
sixteenth	decimosexto	m	
sixth	sexto	m	
sixtieth	sexagésimo	m	
sixty	sesenta	m	
size	tamaño	m	
skate	patín	m	
skating	patinaje	m	
sketch	boceto	m	
ski	esquí	m	
skid	derrape	m	
skiing	esquí	m	
skill	habilidad	f	
skin	piel	f	
skirt	falda	f	
sky	cielo	m	
slab	losa	f	
slack	holgura	f	
slam	golpe	m	
slant	inclinación	f	
slash	corte	m	
slate	pizarra	f	
slaughter	matanza	f	
slaughterhouse	matadero	m	
slave	esclavo	m	
slavery	esclavitud	f	
sleep	sueño	m	
sleeve	manga	f	
sling	cabestrillo	m	
slip	desliz	m	
slob	dejado	m	
slogan	eslogan	m	
slope	pendiente	f	
slowdown	desaceleración	f	
slug	babosa	f	
slum	barrio	m	
slumber	sueño	m	
slump	caída	f	
smack	golpe	m	
small	región lumbar	f	
smart	dolor	m	
smell	olfato	m	
smile	sonrisa	f	
smoke	humo	m	
smoking	tabaquismo	m	
smooth	suavidad	f	
smother	sofocación	f	
snail	caracol	m	
snake	serpiente	f	
snap	chasquido	m	
snarl	enredo	m	
snow	nieve	f	
snowboarding	snowboard	m	
snowstorm	tormenta	f	
snuff	rapé	m	
snug	rincón	m	
soap	jabón	m	
soccer	fútbol	m	
socialism	socialismo	m	
socialist	socialista	m	
society	sociedad	f	
socioeconomics	socioeconomía	f	
sock	calcetín	m	
soda	gaseosa	f	
sodium	sodio	m	
sofa	sofá	m	
soil	tierra	f	
soldier	soldado	m	
sole	suela	f	
solicitor	abogado	m	
solid	sólido	m	
solitary	solitario	m	
solitude	soledad	f	
solution	solución	f	
son	hijo	m	
song	canción	f	
sorrow	tristeza	f	
sort	tipo	m	
soul	alma	f	
sound	sonido	m	
soup	sopa	f	
sour	cóctel agrio	m	
source	fuente	f	
south	sur	m	
southeast	sureste	m	
southward	sur	m	
southwest	suroeste	m	
sovereignty	soberanía	f	
soviet	soviet	m	
soybean	soja	f	
space	espacio	m	
spacecraft	nave	f	
spaceship	astronave	f	
spade	pala	f	
spaghetti	espagueti	m	
span	extensión	f	
Spanish	español	m	
spark	chispa	f	
sparrow	gorrión	m	
spasm	espasmo	m	
speaker	orador	m	
specialist	especialista	m	
specialty	especialidad	f	
species	especie	f	
specific	específico	m	
specification	especificación	f	
spectacle	espectáculo	m	
spectator	espectador	m	
speculation	especulación	f	
speech	discurso	m	
speed	velocidad	f	
spell	hechizo	m	
spelling	ortografía	f	
sperm	esperma	m	
spice	especia	f	
spider	araña	f	
spill	derrame	m	
spin	giro	m	
spinach	espinaca	f	
spirit	espíritu	m	
spit	asador	m	
split	división	f	
spoil	botín	m	
spokesperson	portavoz	m	
sponge	esponja	f	
sponsor	patrocinador	m	
spoon	cuchara	f	
sport	deporte	m	
sporting	deportivo	m	
spot	lugar	m	
spotlight	foco	m	
sprawl	expansión	f	
spray	rocío	m	
spread	extensión	f	
spring	manantial	m	
springtime	primavera	f	
sprout	brote	m	
spy	espía	m	
squadron	escuadrón	m	
square	plaza	f	
squash	calabaza	f	
squat	sentadilla	f	
squeak	chirrido	m	
squeeze	apretón	m	
squid	calamar	m	
squirrel	ardilla	f	
stack	pila	f	
stadium	estadio	m	
staff	personal	m	
stage	escenario	m	
stagger	tambaleo	m	
stagnation	estancamiento	m	
stain	mancha	f	
stair	escalón	m	
stake	estaca	f	
stalk	tallo	m	
stall	puesto	m	
stamp	sello	m	
stand	postura	f	
standing	posición	f	
star	estrella	f	
starch	almidón	m	
start	comienzo	m	
start-up	empresa	f	
starvation	inanición	f	
state	estado	m	
statement	declaración	f	
station	estación	f	
statistics	estadística	f	
statue	estatua	f	
status	estatus	m	
stay	estancia	f	
steak	bistec	m	
steal	ganga	f	
steam	vapor	m	
steep	pendiente	f	
stem	tallo	m	
step	paso	m	
stereo	estéreo	m	
stew	guiso	m	
stick	palo	m	
stigma	estigma	m	
still	quietud	f	
stink	hedor	m	
stint	período	m	
stir	movimiento	m	
stitch	puntada	f	
stock	existencias	f	
stockbroker	corredor	m	
stockholder	accionista	m	
stocking	media	f	
stomach	estómago	m	
stomachache	dolor	m	
stone	piedra	f	
Stonehenge	Stonehenge	m	
stool	taburete	m	
stoop	porche	m	
stop	parada	f	
storage	almacenamiento	m	
store	tienda	f	
storm	tormenta	f	
story	historia	f	
straight	recta	f	
strain	tensión	f	
strait	estrecho	m	
stranger	desconocido	m	
strap	correa	f	
strategy	estrategia	f	
straw	paja	f	
strawberry	fresa	f	
stream	arroyo	m	
street	calle	f	
strength	fuerza	f	
stress	estrés	m	
stretch	estiramiento	m	
strife	conflicto	m	
strike	huelga	f	
striker	huelguista	m	
string	cuerda	f	
stroke	golpe	m	
structure	estructura	f	
student	estudiante	m	
studio	estudio	m	
study	estudio	m	
stump	tocón	m	
stupidity	estupidez	f	
style	estilo	m	
subconscious	subconsciente	m	
subdivision	subdivisión	f	
subject	tema	m	
submission	sumisión	f	
subscription	suscripción	f	
subsidiary	subsidiaria	f	
subsidy	subsidio	m	
substance	sustancia	f	
subtlety	sutileza	f	
suburb	suburbio	m	
success	éxito	m	
succession	sucesión	f	
suck	succión	f	
sucker	chupador	m	
sue	demanda	f	
sufficiency	suficiencia	f	
sugar	azúcar	m	
suggestion	sugerencia	f	
suicide	suicidio	m	
suit	traje	m	
sukiyaki	sukiyaki	m	
sulfur	azufre	m	
sultan	sultán	m	
sum	suma	f	
summary	resumen	m	
summer	verano	m	
summertime	verano	m	
summit	cumbre	f	
sun	sol	m	
sunburn	quemadura	f	
Sunday	domingo	m	
sunflower	girasol	m	
sunlight	luz	f	
sunrise	amanecer	m	
sunset	atardecer	m	
sunshine	sol	m	
superconductor	superconductor	m	
superior	superior	m	
supermarket	supermercado	m	
supernova	supernova	f	
superpower	superpotencia	f	
supervision	supervisión	f	
supervisor	supervisor	m	
supper	cena	f	
supplement	suplemento	m	
supplier	proveedor	m	
supply	suministro	m	
support	soporte	m	
supporter	partidario	m	
supposition	suposición	f	
surcharge	recargo	m	
surf	oleaje	m	
surface	superficie	f	
surfing	surf	m	
surge	oleada	f	
surgeon	cirujano	m	
surgery	cirugía	f	
surplus	excedente	m	
surprise	sorpresa	f	
surrender	rendición	f	
survey	encuesta	f	
survival	supervivencia	f	
sushi	sushi	m	
suspect	sospechoso	m	
suspension	suspensión	f	
suspicion	sospecha	f	
swamp	pantano	m	
swan	cisne	m	
swap	intercambio	m	
sweat	sudor	m	
sweater	suéter	m	
sweep	barrido	m	
sweet	dulce	m	
sweetheart	novio	m	
sweetie	cariño	m	
swell	oleaje	m	
swift	vencejo	m	
swimming	natación	f	
swing	columpio	m	
switch	interruptor	m	
sword	espada	f	
Sydney	Sídney	f	
symbol	símbolo	m	
sympathy	simpatía	f	
symphony	sinfonía	f	
symptom	síntoma	m	
syndicate	sindicato	m	
syndrome	síndrome	m	
synthesis	síntesis	f	
syrup	jarabe	m	
system	sistema	m	
table	mesa	f	
tablet	tableta	f	
tack	tachuela	f	
tackle	equipo	m	
tact	tacto	m	
tag	etiqueta	f	
tail	cola	f	
tailor	sastre	m	
takeoff	despegue	m	
takeover	adquisición	f	
tale	cuento	m	
talent	talento	m	
talk	charla	f	
tally	recuento	m	
tan	bronceado	m	
tank	tanque	m	
tap	grifo	m	
tape	cinta	f	
tariff	arancel	m	
task	tarea	f	
taste	gusto	m	
tattoo	tatuaje	m	
tax	impuesto	m	
taxation	tributación	f	
taxi	taxi	m	
taxpayer	contribuyente	m	
tea	té	m	
teacher	maestro	m	
team	equipo	m	
tear	lágrima	f	
tech	tecnología	f	
technique	técnica	f	
technology	tecnología	f	
telegraph	telégrafo	m	
telephone	teléfono	m	
television	televisión	f	
temper	temperamento	m	
temperament	temperamento	m	
temperance	templanza	f	
tempest	tempestad	f	
temple	templo	m	
tempo	tempo	m	
temptation	tentación	f	
tempura	tempura	f	
ten	diez	m	
tennis	tenis	m	
tenor	tenor	m	
tension	tensión	f	
tent	tienda	f	
tenth	décimo	m	
term	término	m	
termination	terminación	f	
terminology	terminología	f	
territorial	territorial	m	
territory	territorio	m	
terror	terror	m	
test	prueba	f	
testament	testamento	m	
testimony	testimonio	m	
Texas	Texas	m	
text	texto	m	
textbook	libro	m	
textile	textil	m	
thank	agradecimiento	m	
thanksgiving	acción de gracias	f	
theater	teatro	m	
theatrical	actor	m	
theft	robo	m	
theology	teología	f	
theory	teoría	f	
therapy	terapia	f	
thermal	térmica	f	
thermodynamics	termodinámica	f	
thesis	tesis	f	
thick	parte	f	
thickness	grosor	m	
thief	ladrón	m	
thing	cosa	f	
think	reflexión	f	
thinking	pensamiento	m	
third	tercio	m	
thirst	sed	f	
thirteen	trece	m	
thirteenth	decimotercero	m	
thirtieth	trigésimo	m	
thirty	treinta	m	
thorn	espina	f	
thoroughfare	vía	f	
thought	pensamiento	m	
thousand	millar	m	
thousandth	milésimo	m	
thread	hilo	m	
threat	amenaza	f	
three	tres	m	
thrift	ahorro	m	
throat	garganta	f	
throne	trono	m	
thrust	empuje	m	
thumb	pulgar	m	
thunder	trueno	m	
thunderstorm	tormenta	f	
Thursday	jueves	m	
ticket	boleto	m	
tide	marea	f	
tie	conexión	f	
tiger	tigre	m	
tights	medias	f	
timber	madera	f	
time	tiempo	m	
tin	estaño	m	
tingle	hormigueo	m	
tissue	pañuelo	m	
title	título	m	
toad	sapo	m	
toast	tostada	f	
tobacco	tabaco	m	
today	hoy	m	
toe	dedo	m	
toil	trabajo	m	
toilet	inodoro	m	
tolerance	tolerancia	f	
toll	peaje	m	
tomato	tomate	m	
tomb	tumba	f	
tomorrow	mañana	m	
ton	tonelada	f	
tone	tono	m	
tongs	pinzas	f	
tongue	lengua	f	
tonic	tónico	m	
tool	herramienta	f	
tooth	diente	m	
toothache	dolor	m	
top	cumbre	f	
topping	cobertura	f	
torment	tormento	m	
tornado	tornado	m	
torpedo	torpedo	m	
torrent	torrente	m	
torture	tortura	f	
toss	lanzamiento	m	
touch	contacto	m	
tour	recorrido	m	
tourist	turista	m	
towel	toalla	f	
tower	torre	f	
town	pueblo	m	
townspeople	habitantes	m	
toy	juguete	m	
trace	rastro	m	
track	pista	f	
tractor	tractor	m	
trade	comercio	m	
trademark	marca	f	
trader	comerciante	m	
tradition	tradición	f	
tragedy	tragedia	f	
trail	sendero	m	
train	tren	m	
training	capacitación	f	
tramp	vagabundo	m	
transaction	transacción	f	
transfer	transferencia	f	
transit	tránsito	m	
translation	traducción	f	
transmission	transmisión	f	
transparency	transparencia	f	
transport	transporte	m	
transportation	transporte	m	
trap	trampa	f	
trauma	trauma	m	
travel	viaje	m	
traveler	viajero	m	
tray	bandeja	f	
treachery	traición	f	
tread	pisada	f	
treasure	tesoro	m	
treasurer	tesorero	m	
treasury	tesoro	m	
treat	regalo	m	
treatment	tratamiento	m	
treaty	tratado	m	
treble	agudo	m	
tree	árbol	m	
tremble	temblor	m	
trespass	intrusión	f	
trial	juicio	m	
tribe	tribu	f	
tribunal	tribunal	m	
tribute	tributo	m	
trick	truco	m	
trickle	goteo	m	
trifle	bagatela	f	
trim	adorno	m	
trio	trío	m	
trip	viaje	m	
triumph	triunfo	m	
troop	tropa	f	
trot	trote	m	
trouble	problema	m	
trough	comedero	m	
trout	trucha	f	
truce	tregua	f	
true	verdad	f	
trumpet	trompeta	f	
trunk	tronco	m	
trust	confianza	f	
truth	verdad	f	
tube	tubo	m	
tuberculosis	tuberculosis	f	
tuck	pliegue	m	
Tuesday	martes	m	
tuition	matrícula	f	
tulip	tulipán	m	
tumble	caída	f	
tumor	tumor	m	
tuna	atún	m	
tune	melodía	f	
turf	césped	m	
Turkey	pavo	m	
turn	turno	m	
turnaround	cambio	m	
turnip	nabo	m	
turnover	rotación	f	
turtle	tortuga	f	
twelfth	duodécimo	m	
twelve	doce	m	
twentieth	vigésimo	m	
twenty	veinte	m	
twig	ramita	f	
twin	gemelo	m	
twinkle	centelleo	m	
twist	giro	m	
twitter	gorjeo	m	
two	dos	m	
type	tipo	m	
typhoon	tifón	m	
tyranny	tiranía	f	
tyrant	tirano	m	
ukha	ukha	f	
ultimate	fin	m	
ultrasound	ultrasonido	m	
umbrella	paraguas	m	
uncertainty	incertidumbre	f	
uncle	tío	m	
unconscious	inconsciente	m	
undergraduate	estudiante	m	
underground	subterráneo	m	
underneath	parte	f	
underside	parte	f	
understanding	comprensión	f	
undertaking	empresa	f	
underwater	fondo	m	
underwear	ropa	f	
unemployment	desempleo	m	
uniform	uniforme	m	
union	unión	f	
unit	unidad	f	
unity	unidad	f	
universe	universo	m	
university	universidad	f	
unknown	desconocido	m	
unseen	invisible	m	
up	dirección	f	
upgrade	mejora	f	
uplift	elevación	f	
upright	vertical	m	
upset	malestar	m	
upside	lado	m	
upstairs	piso	m	
upturn	mejora	f	
uranium	uranio	m	
uranus	urano	m	
urge	impulso	m	
usage	uso	m	
use	uso	m	
usual	costumbre	f	
utility	utilidad	f	
utmost	máximo	m	
utopia	utopía	f	
utterance	expresión	f	
vacancy	vacante	f	
vacation	vacaciones	f	
vaccine	vacuna	f	
vacuum	vacío	m	
validity	validez	f	
valley	valle	m	
valuation	valoración	f	
value	valor	m	
van	furgoneta	f	
vanilla	vainilla	f	
vanity	vanidad	f	
vapor	vapor	m	
variation	variación	f	
variety	variedad	f	
varnish	barniz	m	
vase	florero	m	
vault	bóveda	f	
vegetable	vegetal	m	
vegetation	vegetación	f	
veil	velo	m	
vein	vena	f	
velocity	velocidad	f	
vendor	vendedor	m	
vengeance	venganza	f	
venture	empresa	f	
venus	venus	m	
verdict	veredicto	m	
verse	verso	m	
vertebra	vértebra	f	
vest	chaleco	m	
veteran	veterano	m	
veto	veto	m	
vibe	vibra	f	
vibration	vibración	f	
vice	vicio	m	
vicinity	vecindad	f	
victim	víctima	f	
victor	vencedor	m	
victory	victoria	f	
video	video	m	
videoconference	videoconferencia	f	
view	vista	f	
village	pueblo	m	
villain	villano	m	
vine	enredadera	f	
vinegar	vinagre	m	
vineyard	viñedo	m	
vintage	cosecha	f	
viola	viola	f	
violation	violación	f	
violence	violencia	f	
violet	violeta	f	
violin	violín	m	
violinist	violinista	m	
virgin	virgen	f	
Virginia	Virginia	f	
virtue	virtud	f	
virus	virus	m	
visa	visa	f	
visibility	visibilidad	f	
vision	visión	f	
visitor	visitante	m	
vital	elemento esencial	m	
vitamin	vitamina	f	
vocabulary	vocabulario	m	
vocation	vocación	f	
vogue	moda	f	
voice	voz	f	
void	vacío	m	
volcano	volcán	m	
volley	volea	f	
volleyball	voleibol	m	
volt	voltio	m	
voltage	voltaje	m	
volume	volumen	m	
volunteer	voluntario	m	
vomit	vómito	m	
vortex	vórtice	m	
vote	voto	m	
voucher	vale	m	
vow	voto	m	
voyage	viaje	m	
wade	vadeo	m	
wage	salario	m	
wail	lamento	m	
waist	cintura	f	
wait	espera	f	
waiter	mesero	m	
waitress	mesera	f	
walk	paseo	m	
wall	muro	m	
wallet	cartera	f	
walnut	nuez	f	
waltz	vals	m	
wane	mengua	f	
want	deseo	m	
war	guerra	f	
ward	sala	f	
wardrobe	guardarropa	m	
ware	mercancía	f	
warfare	guerra	f	
warm	calor	m	
warp	deformación	f	
warrant	orden	f	
warranty	garantía	f	
warrior	guerrero	m	
warship	buque	m	
wartime	tiempos	m	
wash	lavado	m	
washington	Washington	m	
wasp	avispa	f	
waste	basura	f	
watch	reloj	m	
water	agua	f	
watercolor	acuarela	f	
waterfall	cascada	f	
watermelon	sandía	f	
waterproof	impermeable	m	
watt	vatio	m	
wave	ola	f	
wavelength	longitud	f	
wax	cera	f	
way	método	m	
weakness	debilidad	f	
wealth	riqueza	f	
weapon	arma	f	
weather	clima	m	
wedding	boda	f	
Wednesday	miércoles	m	
weed	maleza	f	
week	semana	f	
weekday	día	m	
weekend	fin	m	
weep	llanto	m	
weight	peso	m	
weirdo	raro	m	
welfare	bienestar	m	
west	oeste	m	
westward	rumbo	m	
wet	humedad	f	
whale	ballena	f	
wheat	trigo	m	
wheel	rueda	f	
wheelchair	silla	f	
wheels	ruedas	f	
whelk	caracol	m	
while	rato	m	
whip	látigo	m	
whirl	giro	m	
whirlwind	torbellino	m	
whiskey	whisky	m	
whisper	susurro	m	
white	blanco	m	
wholesale	mayoreo	m	
why	razón	f	
widow	viuda	f	
width	anchura	f	
wife	esposa	f	
wig	peluca	f	
wild	naturaleza	f	
will	voluntad	f	
willow	sauce	m	
wince	mueca	f	
wind	viento	m	
windfall	ganancia	f	
window	ventana	f	
wine	vino	m	
wink	guiño	m	
winner	ganador	m	
winter	invierno	m	
wintertime	invierno	m	
wire	alambre	m	
wireless	inalámbrico	m	
wisconsin	Wisconsin	m	
wisdom	sabiduría	f	
wish	deseo	m	
wit	ingenio	m	
witch	bruja	f	
witness	testigo	m	
woe	aflicción	f	
wolf	lobo	m	
woman	mujer	f	
wonder	asombro	m	
wonton	wantán	m	
wood	madera	f	
woodland	bosque	m	
wool	lana	f	
woolen	lana	f	
word	palabra	f	
work	trabajo	m	
worker	trabajador	m	
workflow	flujo	m	
workforce	fuerza	f	
workload	carga	f	
workplace	lugar	m	
workweek	semana	f	
world	mundo	m	
worm	gusano	m	
worry	preocupación	f	
worship	adoración	f	
worth	valor	m	
wound	herida	f	
wrap	envoltorio	m	
wreck	naufragio	m	
wrench	llave	f	
wrestling	lucha	f	
wrist	muñeca	f	
writer	escritor	m	
wrong	error	m	
xanadu	paraíso	m	
xenon	xenón	m	
xenophobia	xenofobia	f	
xerox	fotocopia	f	
xmas	Navidad	f	
x-ray	radiografía	f	
xylitol	xilitol	m	
xylophone	xilófono	m	
yak	yak	m	
yard	jardín	m	
yarn	hilo	m	
year	año	m	
yellow	amarillo	m	
yen	yen	m	
yes	afirmación	f	
yesterday	ayer	m	
yield	cosecha	f	
yogurt	yogur	m	
yoke	yugo	m	
young	juventud	f	
youth	juventud	f	
zeal	entusiasmo	m	
zebra	cebra	f	
zeppelin	zepelín	m	
zero	cero	m	
zest	entusiasmo	m	
zip	cremallera	f	
zodiac	zodíaco	m	
zone	zona	f	
zoo	zoológico	m	
zoom	aumento	m	
zucchini	calabacín	m	
